Tab,Row,Full Name,Result,LinkedIn added,Unverified lead (NOT added - check manually),Evidence / reason,Queries tried
Entrepreneur - Founder,2,Abdul Haseeb,Added (verified by 2 independent checks),https://www.linkedin.com/in/abdulhaseeb09/,,"Result title: ""Abdul Haseeb - TallyMarks Consulting"" | First search's summary identified Abdul Haseeb as MD of TMC = TallyMarks Consulting. Retry with site:linkedin.com/in ""Abdul Haseeb"" ""TallyMarks"" returned /in/abdulhaseeb09/ titled 'Abdul Haseeb - TallyMarks Consulting' (Lahore); summary says he serves as Managing Director at TMC (TallyMarks Consulting) and is also referred to as CEO of TMC - matches row 'CEO & Managing Director, TMC'. Other results were TMC staff (Laika Sarfraz, Syed Awais Shabbir, Faisal Masood - all 'TMC (TallyMarks Consulting)'), confirming TMC = TallyMarks Consulting.","site:linkedin.com/in ""Abdul Haseeb"" TMC CEO ""Managing Director"" | site:linkedin.com/in ""Abdul Haseeb"" ""TallyMarks"""
Entrepreneur - Founder,10,Agha Humayun Khan,Added (verified by 2 independent checks),https://www.linkedin.com/in/agha-humayun-118b5966/,,"Result title: ""Agha Humayun - Proprietor - Signatures chu"" | The search summary says this profile lists Agha Humayun as CEO of AGHAZ ENGINEERING and also Proprietor at Signatures chu. He is based in Pakistan (location listed as London) and studied at Bahauddin Zakariya University. Name, org and CEO role all match the row.","site:linkedin.com/in ""Agha Humayun"" Aghaz"
Entrepreneur - Founder,17,Air Cdre (R) Khalid Mahmood,Added (verified by 2 independent checks),https://www.linkedin.com/in/khalid-mahmood-1632779b/,,"Result title: ""khalid mahmood - Freelance"" | The result link /in/khalid-mahmood-1632779b/ has a current headline of 'Freelance'. The search summary for this same URL says he was CE (Chief Executive) at Air Eagle Pvt Ltd, a charter cargo airline, from 2020. He left after about four and a half years, having established it as a cargo charter with its own aircraft. Location is Pakistan, education Quaid-e-Azam University Islamabad. The current employer differs, but the profile itself explicitly shows the row's role (CEO) at the row's org (Air Eagle), so it is accepted under the former-role rule. The other Khalid Mahmood results (PSO Manager Coordination, a generic 'Pakistan' profile, Wikipedia pages) are unrelated.","site:linkedin.com/in ""Khalid Mahmood"" ""Air Eagle"""
Entrepreneur - Founder,48,Ayesha Raza,Added (verified by 2 independent checks),https://www.linkedin.com/in/ayesha-raza-09986774/,,"Result title: ""Ayesha Raza - Entrepreneur in Residence (EIR) - RAIN Catalysts"" | Result title: Entrepreneur in Residence at RAIN Catalysts. Summary: EIR since June 2023 at RAIN Catalysts, a 501(c)(3) non-profit, and one of its EIRs based in Islamabad/Rawalpindi.","site:linkedin.com/in ""Ayesha Raza"" ""Rain Catalysts"""
Entrepreneur - Founder,49,Babar Shehzad Abbasi,Added (verified by 2 independent checks),https://www.linkedin.com/in/babar-shahzad-abbasi/,,"Result title: ""Babar Shahzad Abbasi - || LEADER || QHSE || MANAGEMENT SYSTEMS || COACH / TRAINER || EXCELLENCE || INFORMATION SECURITY || STRATEGIC PLANNING || CORPORATE GOVERNANCE ||"" | The result link /in/babar-shahzad-abbasi/ uses the spelling variant Shahzad for Shehzad. The search summary ties this URL to 'the Chief Executive Officer of SecurifyTech', located in Abu Dhabi Emirate, with education at COMSATS University Islamabad. The headline lists INFORMATION SECURITY among his areas. Both the org (SecurifyTech = Securify Tech) and the role (CEO) match the row. The other results (Babar Shehzad at Bureau Veritas, University of Swabi, Tamouh Healthcare) lack the Abbasi surname and the Securify link.","site:linkedin.com/in ""Babar Shehzad Abbasi"" Securify"
Entrepreneur - Founder,64,Faheem Shafi,Added (verified by 2 independent checks),https://www.linkedin.com/in/faheem-shafi-7b07a119/,,"Result title: ""Faheem Shafi - Chief Executive Officer - Global24(Pvt)Ltd Islamabad Pakistan"" | Result title gives exact name, role Chief Executive Officer and employer Global24 (Pvt) Ltd, Islamabad; summary says CEO at Global24 since Aug 2017 (ex-PAF, MSc NDU Islamabad).","site:linkedin.com/in ""Faheem Shafi"" Global 24"
Entrepreneur - Founder,83,Haseeb Kodvavi,Added (verified by 2 independent checks),https://www.linkedin.com/in/kodvavi/,,"Result title: ""Haseeb Kodvavi - Entrepreneur/Co-Founder, SepiaSolutions"" | Exact distinctive name + headline 'Entrepreneur/Co-Founder, SepiaSolutions'; summary: Co-Founder of Sepia Solutions (web design, cybersecurity, IT consulting; sepiasolutions.com, SepiaCMS).","site:linkedin.com/in ""Haseeb Kodvavi"" Sepia"
Entrepreneur - Founder,89,Ihsan Ahmed Bhatti,Added (verified by 2 independent checks),https://www.linkedin.com/in/ihsanbhatti/,,"Result title: ""Ihsan Ahmed Bhatti - Technoica International Pvt Ltd"" | The result title has the exact full name and the current employer Technoica International Pvt Ltd (the row's org is Technoica Enterprise, email domain technoica.com). The summary says Registered Professional Engineer, MS Engineering Management, 25+ years of experience, located in Rawalpindi.","site:linkedin.com/in ""Ihsan"" Bhatti Technoica"
Entrepreneur - Founder,91,Illum Khan,Added (verified by 2 independent checks),https://www.linkedin.com/in/illum-khan/,,"Result title: ""Illum Khan - GIKI Alumni Association"" | The rare-name query returned this single Illum Khan profile. Summary: located in Pakistan, 'trying to make a difference in Pakistan using digital technology', and recently became Associate Director, Acumen Academy at Acumen. The verification query ('Illum Khan' Evamp Saanga COO) returned the same profile. Its summary says 'Illum Khan is the COO (Chief Operating Officer) of Evamp & Saanga ... Additionally, Illum Khan serves as the General Secretary of the GIKI Alumni Association', which ties the GIKI-titled profile to the row's Evamp & Saanga role. He may have since moved to Acumen.","""Vladimira Briestenska"" OR ""Fasih Sumar"" OR ""Illum Khan"" LinkedIn [allowed_domains=linkedin.com] | ""Illum Khan"" Evamp Saanga COO [allowed_domains=linkedin.com]"
Entrepreneur - Founder,92,Imran Ali Khan,Added (verified by 2 independent checks),https://www.linkedin.com/in/khanimranali/,,"Result title: ""Imran Ali Khan - Dubizzle Group"" | Result summary for this profile: Imran Ali Khan is CEO & Co-Founder of Dubizzle Group (Dubai; Oxford; ex-Goldman Sachs, Deloitte) and the profile lists Bayut.com and Zameen.com as websites. EMPG (Emerging Markets Property Group, owner of Zameen/Bayut/dubizzle/OLX) rebranded as Dubizzle Group in 2022, so this is the same org and role (CEO). His brother/co-founder Zeeshan Ali Khan (Dubizzle Group) also appeared in the same results.","site:linkedin.com/in ""Imran Ali Khan"" Dubizzle Zameen"
Entrepreneur - Founder,100,Jamal Nasir,Added (verified by 2 independent checks),https://www.linkedin.com/in/jamalnasirkhan/,,"Result title: ""Jamal Nasir Khan - Pakistan"" | The top two links are this same slug (pk. and www. versions). The summary says Jamal Nasir Khan is CEO of Supernet Technologies Limited and Founder & CEO of SuperSecure, with 35+ years in Pakistan's tech and telecom sector, and that Supernet appointed him CEO.","site:linkedin.com/in ""Jamal Nasir"" Supernet"
Entrepreneur - Founder,103,Kamran Rasheed,Added (verified by 2 independent checks),https://www.linkedin.com/in/kamran-rasheed-21637199/,,"Result title: ""Kamran Rasheed - CFO"" | The result link /in/kamran-rasheed-21637199/ is titled 'Kamran Rasheed - CFO'. The search summary ties this URL to 'CFO at Khazana Enterprise, located in Islamabad, Pakistan', serving as Chief Financial Officer at Khazana Enterprise since January 2021, previously Deputy Manager Finance at Ovex Technologies. The org matches. The role is CFO, not the sheet's CEO, which is consistent with the prior note that sources list him as CFO at Khazana. The other Kamran Rasheed results (Majid Al Futtaim, Ali Murtaza Associates, Ejadah, Watanserve, Centegy, Mavericks United, MoH Taif, an advocate, Integral University) are unrelated.","site:linkedin.com/in ""Kamran Rasheed"" Khazana"
Entrepreneur - Founder,109,Kiran Noor Ulain,Added (verified by 2 independent checks),https://www.linkedin.com/in/kirannoorulain/,,"Result title: ""Chef Kiran Noorulain on LinkedIn: #karachi #challenge #food #culinaryarts #education #britishcouncil…"" | The slug comes from a post written by her: linkedin.com/posts/kirannoorulain_karachi-challenge-food-activity-6904317209850839040-294q. The post is about culinary arts education and is tagged #britishcouncil. The summary says Chef Kiran Noorulain is a Food and Nutrition examiner at British Council Pakistan and was involved with FoodSTEAM, which ran FoodTalks on Food Entrepreneurship in Karachi. The /in/ URL was built from the post author's slug, as the rules allow for posts. No /in/ result link appeared directly.","site:linkedin.com/in ""Kiran Noor"" FoodSTEAM | ""Kiran Noor Ulain"" OR ""Kiran Noorulain"" FoodSTEAM LinkedIn"
Entrepreneur - Founder,113,M. Ahmed Malik,Added (verified by 2 independent checks),https://www.linkedin.com/in/ahmad-malik-pmp-pgmp/,,"Result title: ""Muhammad Ahmad Malik PMP®,PgMP® - Blue Peaks Consulting"" | Result title names current employer Blue Peaks Consulting (= row org). 'M. Ahmed Malik' = Muhammad Ahmad Malik (M. expanded, Ahmed/Ahmad variant). Summary: based in Pakistan, CEO of Blue Peaks Consulting, PMP/PgMP certified. No other Blue Peaks profile returned.","site:linkedin.com/in ""Ahmed Malik"" ""Blue Peaks"" Consulting"
Entrepreneur - Founder,116,M. Farooq Umar,Added (verified by 2 independent checks),https://www.linkedin.com/in/muhammad-farooq-umar-7bb95a28/,,"Result title: ""Muhammad Farooq Umar - Al Efah Technologies"" | Result title names Al Efah Technologies as the current employer, matching the row's org (AL Efah Technologies, aviation ground support and bomb disposal equipment). M. Farooq Umar = Muhammad Farooq Umar. The summary also gives education at College of Aeronautical Engineering, Risalpur (fits the aviation field) and a location in Pakistan. A second result, 'Muhammad Farooq Umar - Hamad Bin Khalifa University' (Chicago area), is a different person with no Al Efah tie and was rejected.","site:linkedin.com/in ""Farooq Umar"" Efah"
Entrepreneur - Founder,143,Muhammad Azeem Akram,Added (verified by 2 independent checks),https://www.linkedin.com/in/azeemakram/,,"Result title: ""Muhammad Azeem Akram - AlphaSquad"" | Result title names AlphaSquad as the current employer. Summary: 'Engineer by background -- Entrepreneur by choice', COMSATS education, CEO of AlphaSquad Technologies. The profile lists Lahore as location; the sheet says Islamabad.","site:linkedin.com/in ""Azeem Akram"" AlphaSquad"
Entrepreneur - Founder,145,Dr. Muhammad Ejaz Siddiqui,Added (verified by 2 independent checks),https://www.linkedin.com/in/dr-muhammad-ejaz-siddiqui-3797b517/,,"Result title: ""Dr. Muhammad Ejaz Siddiqui - Rockford Xellerix"" | The URL (ae.linkedin.com, converted to www) is in the Links list. The full name, with Dr. and Muhammad, matches exactly. The summary for this profile says he is associated with Quality Solutions Technologies PVT LTD, an engineering design service provider (qualitysolutions.ae); the row's email domain is qualitysolutions.pk. The headline shows Rockford Xellerix as his current employer, and the profile is located in the UAE.","site:linkedin.com/in ""Ejaz Siddiqui"" ""Quality Solutions"""
Entrepreneur - Founder,155,Muhammad Saad,Added (verified by 2 independent checks),https://www.linkedin.com/in/msaad99/,,"Result title: ""Muhammad Saad - Elix"" | This resolves the earlier ambiguity. The first search summary gave his LinkedIn username as msaad99 (Co-Founder & CPO of BridgeLinx, LUMS CS 2015, ex-Microsoft, Treble Inc. founder, Forbes 30 Under 30). The second search returned /in/msaad99 as an actual result link, and its summary says this profile is Co-Founder & CPO at BridgeLinx Technologies, with 10+ connections at BridgeLinx. His current headline employer is Elix. The other profile, /in/muhammad-saad-2b0459213, appears to be a different, more junior person; its posts are motivational content.","""Muhammad Saad"" BridgeLinx co-founder LinkedIn | site:linkedin.com/in/msaad99 Muhammad Saad BridgeLinx"
Entrepreneur - Founder,156,Muhammad Salman Ali,Added (verified by 2 independent checks),https://www.linkedin.com/in/msalmanali/,,"Result title: ""Muhammad Salman Ali - Virtual Remittance Gateway"" | Result title gives Virtual Remittance Gateway as the current employer. The summary describes digital, mobile and agent banking expertise, COMSATS/SSUET education and a Karachi location. Caveat: the summary calls him 'Manager Networks', while the sheet says CEO. Name plus this distinctive org was the only match returned.","site:linkedin.com/in ""Salman Ali"" ""Virtual Remittance Gateway"""
Entrepreneur - Founder,159,Dr. Muhammad Usman,Added (verified by 2 independent checks),https://www.linkedin.com/in/drusmanmuhammad/,,"Result title: ""Muhammad Usman, Ph.D. - National University of Computer and Emerging Sciences"" | The result link pk.linkedin.com/in/drusmanmuhammad (canonicalized to www) is titled 'Muhammad Usman, Ph.D.', matching Dr. Muhammad Usman. The search summary ties this specific URL to TechQuest: 'Dr. Muhammad Usman, who serves as Convener of the ICCI Software Development Committee and Artificial Intelligence Consultant at TechQuest.AI ... Through his work at TechQuest.AI, Dr. Usman empowers businesses...'. It names this URL as the profile most directly connected to TechQuest. The title's employer is FAST-NUCES, but the profile's own summary explicitly shows the TechQuest.AI role. Caveat: another result, 'Muhammad Uzair Khan, PhD - TechQuest.Ai' (/in/themuhammaduzairkhan/), is a different TechQuest person and was not taken. The other Muhammad Usman results (Brains Valley, RevolveAI, Dell, Microsoft, Comcast, TJX, BSC, Principal Consultant) are unrelated.","site:linkedin.com/in ""Muhammad Usman"" TechQuest"
Entrepreneur - Founder,183,Noman Ali,Added (verified by 2 independent checks),https://www.linkedin.com/in/nomanali/,,"Result title: ""Noman Ali - University of Business & Technology"" | Top result for site:linkedin.com/in ""Noman Ali"" ""Inv-X"". Summary of this same profile: 20+ years experience, based in Jeddah (row city: Saudi Arabia), profile company websites include www.inv-x.com and www.supplychaintalks.net, and he posted hiring for a Supply Chain Data Analyst through Inv-X. Title shows current affiliation University of Business & Technology (Jeddah), but profile explicitly ties him to Inv-X.","""Abdullah Afzal"" TrueEmailer OR ""Inv-X Technologies"" LinkedIn [allowed_domains=linkedin.com] | site:linkedin.com/in ""Noman Ali"" ""Inv-X"""
Entrepreneur - Founder,185,Noman Waseem,Added (verified by 2 independent checks),https://www.linkedin.com/in/noman-waseem/,,"Result title: ""Noman Waseem - Supreme Technocrafts Aviation Services"" | The result title names the current employer as Supreme Technocrafts Aviation Services, the row org. The summary of the profile says he is CEO there, based in Islamabad, studied at COMSATS, and is President of the Pakistani Executive Forum (formerly Head of its Defense and Aerospace Wing). A defensetalks.com interview in the same results is titled ""Mr. Noman Waseem, CEO Supreme Technocrafts Aviation Services"".","site:linkedin.com/in ""Noman Waseem"" Supreme Techno Crafts aviation"
Entrepreneur - Founder,210,Salman Anwar,Added (verified by 2 independent checks),https://www.linkedin.com/in/salmank01/,,"Result title: ""Salman Anwar - Chief Executive Officer - Creative Growth Lab"" | Title shows exact name + exact org 'Creative Growth Lab' + CEO role; summary says CEO and Founder at Creative Growth Lab (YouTube content/sales-lead growth agency). Caveat: profile location shown as Los Angeles (row city Rawalpindi/NICAT) - plausibly a Pakistan-based agency marketing to US clients; NICAT not mentioned in result.","site:linkedin.com/in ""Salman Anwar"" ""Creative Growth Lab"""
Entrepreneur - Founder,215,Salman Younus,Added (verified by 2 independent checks),https://www.linkedin.com/in/salmanyounus/,,"Result title: ""Salman Younas - XnRel"" | Result title 'Salman Younas - XnRel' (current employer XnRel = row org XNREL); listed at both www.linkedin.com/in/salmanyounus/ and ae.linkedin.com/in/salmanyounus (slug spells 'younus'). Summary: 20+ years in enterprise technology, based in UAE, affiliated with XnRel. Other 'Salman Younus' profiles (Creative Director; Singapore Institute of Technology) do not mention XnRel.","site:linkedin.com/in ""Salman Younus"" XNREL"
Entrepreneur - Founder,255,Talha Khalid,Added (verified by 2 independent checks),https://www.linkedin.com/in/talha-khalid-0b066b32/,,"Result title: ""Talha Khalid - --"" | Top result in Links list for site:linkedin.com/in ""Talha Khalid"" Spectrave. Search summary for this exact URL: company websites www.spectrave.com and www.spectraSense.io; listed as Chief Executive Officer at Spectrave since Sep 2024; also Senior Energy Consultant at Power Planning and Monitoring Company (PPMC) since Dec 2024. Matches row org (Spectrave, contact@spectrave.com) and role (CEO). Other Talha Khalids (EARTHBRAIN, Nortal, Softcat, Beaconhouse, etc.) unrelated.","site:linkedin.com/in ""Talha Khalid"" Spectrave"
Entrepreneur - Founder,257,Tariq Atiullah,Added (verified by 2 independent checks),https://www.linkedin.com/in/tariq-atiullah-47bb9338/,,"Result title: ""Tariq Atiullah - Infigo Solutions LLC"" | LEAD confirmed. The /in/tariq-atiullah-47bb9338/ link was in the Links list for a query that included Atiullah Tech Solutions. The summary of that same profile says he is a Technical Lead / Full Stack Software Engineer with 15+ years of experience who serves as Chief Executive Officer at Atiullah Tech Solutions. It also lists Dallas-Fort Worth, UET Taxila and Microsoft Certified Solution Developer. The title shows Infigo Solutions LLC, but the same profile names the row org and role (CEO, Atiullah Tech Solutions).","site:linkedin.com/in (""Naeem Naz"" OR ""Tariq Atiullah"" OR ""Razaullah Durrani"" OR ""Zahid Lilani"") | site:linkedin.com/in ""Tariq Atiullah"" Atiullah Tech Solutions"
Entrepreneur - Founder,265,Usman Javaid,Added (verified by 2 independent checks),https://www.linkedin.com/in/usmanj/,,"Result title: ""Usman Javaid - OpenExpertAI"" | The prior lead is now confirmed: the URL appears literally in the Links list of the site:linkedin.com/in/usmanj query. The profile summary says he is a serial entrepreneur on his third startup, educated at MIT Sloan School of Management, and located in Boston. Crunchbase and PRWeb results for the Ricult query give the same facts for the Ricult founder (Founder & CEO of Ricult Inc., Boston, MIT Sloan MBA 2014-15). The summary of the Ricult founder query also tied linkedin.com/in/usmanj to him. His current headline employer is OpenExpertAI, his newer startup.","""Usman Javaid"" Ricult founder LinkedIn | site:linkedin.com/in/usmanj Usman Javaid"
Entrepreneur - Founder,266,Vladimira Briestenska,Added (verified by 2 independent checks),https://www.linkedin.com/in/vladimira-briestenska-8ba2986/,,"Result title: ""Vladimira Briestenska - Neem"" | The title names Neem. Summary: 'Founder at Neem: Financial Wellness for Pakistan', also Founder of The Future Farm and host of the NAKED podcast, located in Pakistan. The same slug also appears as pk.linkedin.com/in/vladimira-briestenska-8ba2986 and on her posts (/posts/vladimira-briestenska-8ba2986_...).","""Vladimira Briestenska"" OR ""Fasih Sumar"" OR ""Illum Khan"" LinkedIn [allowed_domains=linkedin.com]"
Entrepreneur - Founder,270,Yahya Khan,Added (verified by 2 independent checks),https://www.linkedin.com/in/yahya-khan-749b07181/,,"Result title: ""Yahya Khan - Peshawar District, Khyber Pakhtunkhwa, Pakistan"" | In the second search, the summary's first item reads 'Yahya Khan - Entrepreneur | Web and Mobile Dev Consultant | CEO @ Toptech.team Pakistan. Located in Peshawar District, Khyber Pakhtunkhwa', which matches this link's title. The first search's summary also described a Yahya Khan who is 'CEO @ Toptech.team Pakistan'. Name, org and CEO role match the row. Note that a second Toptech-linked profile also appeared: 'Yahya K. - Toptech team LLC' (https://www.linkedin.com/in/yahya-k-8b2a66177/), described as a 'Product and Technology Leader' (location given as Clayton NJ in one summary and Rawalpindi in the other). It is not labelled CEO, so the CEO-headline profile is the better match. WebFetch of toptech.team was blocked by the egress proxy.","site:linkedin.com/in (""Yahya Khan"" Toptech) OR (Farooq Datels) | site:linkedin.com/in (""Yahya Khan"" ""Toptech.team Pakistan"") OR (""Komail Naqvi"" GoZayaan)"
Entrepreneur - Founder,276,Zafar Khan,Added (verified by 2 independent checks),https://www.linkedin.com/in/zafar-khan-sofizar/,,"Result title: ""Zafar Khan - Daria Technologies"" | Top result for the Truckistan query. Summary attributes to this same profile (linkedin.com/in/zafar-khan-sofizar/) details of his involvement with Truckistan Technologies: Abid Butt and Zafar Khan closed the initial funding round for Truckistan Technologies (LTL trucking startup), congratulated by Mentors Fund ('Zafar, along with Abid and Team Truckistan'). Current headline employer is Daria Technologies, but the profile content explicitly ties him to co-founding Truckistan. Other Zafar Khan hits (civil EIT, TradeState, export manager, ZAKCORP, MSF, MD) have no Truckistan link.","site:linkedin.com/in ""Zafar Khan"" Truckistan"
Entrepreneur - Founder,282,Zeeshan Qedwaee,Added (verified by 2 independent checks),https://www.linkedin.com/in/zeeshanqedwaee/,,"Result title: ""Zeeshan Qedwaee - Startup World Cup"" | The profile URL appeared literally in the Links list of the first query. Its title shows Startup World Cup as the current employer; the summary says he is a reverse entrepreneur and former tech executive in Islamabad, Pakistan. Because that employer differs from the row's org, I ran a follow-up search, which explicitly ties him to Tech Comradery LLC: featured.com 'Zeeshan Qedwaee, Managing Partner - Tech Comradery LLC', theorg.com 'Zeeshan Qedwaee - Founder at Tech Comrad', a LinkedIn post at linkedin.com/posts/zeeshanqedwaee_... (same slug as the profile), and the Startup World Cup mentor-program page, which links both affiliations. The summary also gives 'CEO at Tech Comradery LLC' and the email Zee@techcomradery.com. The name is effectively unique.","site:linkedin.com/in ""Nauman Vawda"" OR ""Zeeshan Qedwaee"" OR ""Kashoon Leeza"" | ""Zeeshan Qedwaee"" ""Tech Comradery"""
Industrialist - Government,8,Abrar Ahmed Qureshi,Added (verified by 2 independent checks),https://www.linkedin.com/in/abrarq/,,"Result title: ""Abrar Qureshi - Manager Events & Delegations - Pakistan Software Export Board (PSEB)"" | The result title states the exact designation and org. The summary says he is Manager Events & Delegations at PSEB with 15 years in event marketing, promoting Pakistan's ICT globally.","site:linkedin.com/in (""Abrar Ahmed Qureshi"" OR ""Abrar Qureshi"") PSEB OR ""Pakistan Software Export Board"""
Industrialist - Government,12,Ahmed Murad Akhter,Added (verified by 2 independent checks),https://www.linkedin.com/in/muradakhter/,,"Result title: ""Murad Akhter - Mississauga, Ontario, Canada"" | The search summary says Murad Akhter's profile is tied to Tintash, where he is Co-founder and Founder & CEO (also CTO at onBeacon), and that he posts about Tintash teams. The name matches with the first name 'Ahmed' dropped. The listed location is Mississauga, Canada, not Lahore.","site:linkedin.com/in ""Murad Akhter"" Tintash"
Industrialist - Government,18,Air Cdre Shahzad Arshad,Added (verified by 2 independent checks),https://www.linkedin.com/in/shahzad-arshad-965a693/,,"Result title: ""Shahzad Arshad - Project Director - Teresol Pvt. Ltd."" | Top result in Links list for site:linkedin.com/in ""Shahzad Arshad"" NASTP. Search summary for this exact URL: held multiple positions at National Aerospace Science & Technology Park (NASTP) - Chief Technology Officer, Chief Director (ACAST & Avionics), Chief Director (Academia Linkage), Chief Director (Radar Systems); currently Project Director at Teresol Pvt. Ltd. (PAF-linked). Senior NASTP leadership fits 'Air Cdre Shahzad Arshad, NASTP partner/judge'. Other Shahzad Arshads in results (Halliburton, Systems Ltd, WISPAP, etc.) had no NASTP link.","site:linkedin.com/in ""Shahzad Arshad"" NASTP"
Industrialist - Government,22,Ali Naqvi,Added (verified by 2 independent checks),https://www.linkedin.com/in/aliabbassnaqvi/,,"Result title: ""Ali Naqvi - 1LINK (Pvt) Limited"" | URL is in the Links list. The search summary describes this same profile (it names /in/aliabbassnaqvi/) as ""Ali Naqvi currently serves as the SEVP - Chief Information & Digital Officer at Askari Bank"" (22+ yrs; Askari Smart Society App, Askari Mobile App voice payments). The indexed title shows 1LINK (Pvt) Limited, probably a stale or other listed employer. The other Askari Bank Naqvis returned (Ali Mohsin Naqvi - Talent Acquisition; Ali Safdar Naqvi) are not in CIO roles.","site:linkedin.com/in Ali Naqvi ""Askari Bank"" Chief Information Officer"
Industrialist - Government,24,Ali Waqas,Added (verified by 2 independent checks),https://www.linkedin.com/in/sheikhaliwaqas/,,"Result title: ""Ali Waqas - Rawalpindi Chamber of Commerce & Industry"" | Result title names Rawalpindi Chamber of Commerce & Industry as his employer; summary: experience at Rawalpindi Chamber of Commerce & Industry, education LUMS, located in Punjab (Rawalpindi is in Punjab). Other Ali Waqas hits (Zong, PND Group, Meridian Travel, Ali Trust, Digital Technologies, consultant) have no RCCI link.","site:linkedin.com/in ""Ali Waqas"" Rawalpindi Chamber of Commerce"
Industrialist - Government,25,Amanullah Qureshi,Added (verified by 2 independent checks),https://www.linkedin.com/in/amanullah-qureshi-12baba21/,,"Result title: ""Amanullah Qureshi - Security Organizing System Pakistan (Pvt.) Ltd."" | The URL is in the Links list. The summary of this profile calls him a senior aviation executive with 36+ years of end-to-end airline leadership, based in Karachi (where PIA is headquartered). It also shows his involvement with PIA Training Centre, including hosting Air Karachi delegations. A second Amanullah Qureshi (amanullah-qureshi-b242b045, asphalt and construction chemicals) is clearly unrelated.","site:linkedin.com/in (""Amanullah Qureshi"" OR ""Amir Hayat"") PIA"
Industrialist - Government,65,Khurram Shahzad,Added (verified by 2 independent checks),https://www.linkedin.com/in/asianbusinessforum/,,"Result title: ""Khurram Shahzad - President - Asian Business Forum"" | Link in Links list (pk.linkedin.com/in/asianbusinessforum, converted to www). Title names him President of Asian Business Forum. Summary says his experience includes Asian Business Forum, located in Islamabad, Pakistan, 1K followers, 500+ connections; he posts about ABF partnerships for innovation, entrepreneurship, trade and investment.","site:linkedin.com/in ""Khurram Shahzad"" ""Asian Business Forum"""
Industrialist - Government,72,M. Idrees Awan,Added (verified by 2 independent checks),https://www.linkedin.com/in/idrees-awan-bab4a75/,,"Result title: ""Idrees Awan - Manager"" | Top Links result for a query naming Ignite National Technology Fund. The summary says Idrees Awan is a Manager at Ignite - National Technology Fund, holds the position of Manager SEED there, and has worked at Ignite in Islamabad since June 2010. It also lists Bahria University. The title headline ""Manager"" fits that summary. The other two Idrees Awan links are titled only by location (""United States"" and ""Pakistan"").","site:linkedin.com/in ""Idrees Awan"" Ignite National Technology Fund"
Industrialist - Government,73,M. Shoaib Aslam,Added (verified by 2 independent checks),https://www.linkedin.com/in/muhammad-shoaib-aslam-23014821/,,"Result title: ""Muhammad Shoaib Aslam - Manager Industry Facilitation for IT/ITeS sector - Pakistan Software Export Board (PSEB)"" | The title gives exactly this person's role and organization: Manager Industry Facilitation at PSEB. The summary adds that he oversees registration of IT companies, call centers and freelancers.","site:linkedin.com/in ""Shoaib Aslam"" PSEB OR ""Pakistan Software Export Board"""
Industrialist - Government,97,Raheel Iqbal,Added (verified by 2 independent checks),https://www.linkedin.com/in/raheel-iqbal-33b6bb5/,,"Result title: ""Raheel Iqbal - The Game Storm Studios (Pvt.) Ltd."" | Top result for a query that included P@SHA. Summary: 'Raheel Iqbal is the CEO at The Game Storm Studios (Private) Limited and was announced as a Head Judge for the P@SHA ICT Awards. Additionally, he serves as Vice Chairman of Pakistan IT Industry Association (P@SHA).' That ties this Game Storm Studios profile to the P@SHA Vice Chairman role. The other Raheel Iqbal results (Codebase Technologies, Risk Associates, Express Tax, HRSG, Wah Nobel) had no P@SHA tie.","site:linkedin.com/in ""Raheel Iqbal"" P@SHA software [allowed_domains=linkedin.com]"
Industrialist - Government,106,Sajjad Syed,Added (verified by 2 independent checks),https://www.linkedin.com/in/sajjad-syed-exd/,,"Result title: ""Sajjad Syed - Power Information Technology Company, Ministry of Energy, Power Division, Govt. of Pakistan"" | The Links list had https://ae.linkedin.com/in/sajjad-syed-exd in 3 searches. Search 14's Links also included: pakistanitech.com 'P@SHA Elected Sajjad Mustafa Syed as New Chairman' (Oct 2024); Crunchbase 'Sajjad Syed - Chairman of ExD Group @ Excellence Delivered'; Case Centre 'Sajjad Syed: Founder and CEO at Excellence Delivered'; and his own post linkedin.com/posts/sajjad-syed-exd_hello-everyone-i-am-collecting-funds-and-activity-6969244813342703616. The summary says P@SHA Chairman Sajjad Syed founded ExD in 2010 after leaving SAP Pakistan and sits on boards including P@SHA (Chairman) and Power Information Technology Company. That matches this profile's PITC headline, and the 'exd' slug is his company ExD. Alternates, probably the same person under an older or duplicate account: https://www.linkedin.com/in/sajjad-syed-a872b77/ (identical PITC title, likely the old default slug) and https://www.linkedin.com/in/sajjad-syed-ab077953/ ('Sajjad Syed - CEO - Excellence Delivered ExD'). Rejected: 'Sajjad Syed - HED' and a Saudi doctor with the same name.","Sajjad Syed former chairman P@SHA Pakistan Software Houses Association [allowed_domains=linkedin.com] | ""Sajjad Syed"" Chairman P@SHA PITC CEO [allowed_domains=linkedin.com] | ""Sajjad Syed"" ExD ""Excellence Delivered"" P@SHA PITC Power Information Technology Company"
Industrialist - Government,120,Syed Bilal Mahmood,Added (verified by 2 independent checks),https://www.linkedin.com/in/bilal-mahmood-41728713/,,"Result title: ""Bilal Mahmood - Contour Software; a subsidiary of Constellation Software Inc."" | Result title gives Contour Software (Constellation Software subsidiary) as the current employer. Summary: Managing Director at Contour Software, leading one of Pakistan's largest offshore software development centers for 15+ years. The profile location is Markham, while the sheet says Karachi; Contour's Pakistan center is in Karachi. No other Bilal Mahmood at Contour appeared.","site:linkedin.com/in (""Haseeb Ashraf"" OR ""Bilal Mahmood"") (iPOS OR ""Contour Software"")"
Industrialist - Government,125,Taimoor Ali,Added (verified by 2 independent checks),https://www.linkedin.com/in/taimoorali/,,"Result title: ""Taimoor Ali - National Credit Guarantee Company Limited (NCGCL)"" | Lead confirmed. URL appears in Links list (current employer NCGCL). The search summary for the same query states Taimoor Ali's latest job experience is 'Group Head, Digital Financial Services Projects (DFS) at Karandaaz Pakistan', previously Head of Digital, Innovation, DFS at Karandaaz (2018-2022), based in Rawalpindi, NUST BIT, ex-Telenor/Engro/PTCL/Parwaaz, and explicitly says 'You can find his LinkedIn profile at linkedin.com/in/taimoorali' (tie likely from RocketReach/ZoomInfo data in the same results). NCGCL is a fintech-adjacent credit guarantee company, consistent career move.","""Taimoor Ali"" Karandaaz ""Digital Financial Services"" NCGCL [allowed_domains=linkedin.com] | ""Taimoor Ali"" Karandaaz ""Group Head"" LinkedIn"
Industrialist - Government,126,Taimoor Hassan,Added (verified by 2 independent checks),https://www.linkedin.com/in/taimoorulhassan/,,"Result title: ""Taimoor ul Hassan - Jazz"" | Result title itself names Jazz as current employer. The summary for that query says Taimoor ul Hassan is 'VP - Digital Products & Growth @ Jazz' (earlier headline 'Head Digital Products & Growth @ Jazz | Product @Simosa'), based in Islamabad (Jazz HQ), 14+ years in product/growth, INSEAD, and was part of the SIMOSA app team that won Pakistan Digital Awards 2025. Name variant 'Taimoor ul Hassan' = 'Taimoor Hassan' (ul variant). Ambiguity note: an earlier summary also gave the Jazz headline to /in/taimoor-hassan-826592272/ (title 'Taimoor Hassan - Lahore, Punjab, Pakistan', ACCA/applied accounting), but that profile's own title shows no Jazz link, and the same summary also wrongly gave the role to an unrelated support specialist. So that looked like a summary mix-up, and the profile whose title explicitly says Jazz was accepted.","site:linkedin.com/in ""Taimoor Hassan"" Jazz | site:linkedin.com/in ""Taimoor Hassan"" ""Head Digital Products"" Jazz | site:linkedin.com/in ""Taimoor ul Hassan"" Jazz Simosa"
Industrialist - Government,129,Usman Shaukat,Added (verified by 2 independent checks),https://www.linkedin.com/in/usman-shaukat-856b5138/,,"Result title: ""Usman Shaukat - Pakistan Pharmaceutical Manufacturers Association"" | The profile link appeared in the RCCI query (search 7). Search 15's Links included Centreline 'Usman Shaukat sworn in as RCCI President' (Oct 2024), vetnewsandviews 'Usman Shaukat ... president RCCI 2024-26', and ZoomInfo 'Contact Usman Shaukat, Email: ****@ppma.org.pk'. The summary says RCCI President Usman Shaukat (2024-26) is also Chairman (North) of the Pakistan Pharmaceutical Manufacturers Association and Director of Bio-Labs Group. It adds that he chaired RCCI's pharmaceutical standing committee and signed a PPMA-Uzbekistan MoU as RCCI President. That ties this PPMA-headlined profile to the RCCI President.","Hamza Sarosh Usman Shaukat Rawalpindi Chamber of Commerce and Industry [allowed_domains=linkedin.com] | ""Usman Shaukat"" President RCCI Rawalpindi Chamber pharmaceutical LinkedIn"
Mentors - Prof. Speaker,49,Dr. Ghulam Mujaddid,Added (verified by 2 independent checks),https://www.linkedin.com/in/ghulammujaddid/,,"Result title: ""Ghulam Mujaddid - Assistant Professor of Strategic Studies - National Defence University Islamabad"" | He is now at NDU Islamabad. The second search returned this same URL, and its summary ties it to Air University Islamabad: he taught there from 2015, was founding Acting Dean/HoD of the Faculty of Aerospace and Strategic Studies (July 2015 to October 2020), then Senior Faculty until retiring on 15 January 2022. He is an Air Commodore (R) of the PAF with a PhD, an Assistant Professor, and based in Islamabad. The pk.linkedin.com variant of the same slug also appeared.","site:linkedin.com/in ""Ghulam Mujaddid"" | ""Ghulam Mujaddid"" ""Air University"" aerospace LinkedIn"
Mentors - Prof. Speaker,68,Khalid Saleem,Added (verified by 2 independent checks),https://www.linkedin.com/in/khalid-saleem-49386338/,,"Result title: ""Khalid Saleem - Associate Professor at Department of Computer Sciences, Quaid-i-Azam University"" | The title shows a faculty post in the Department of Computer Sciences at QAU. Summary: in this position since May 1998, MS Computer Science from QAU, PhD in Informatics from the University of Montpellier, based in Pakistan. The sheet says Assistant Professor while the profile says Associate Professor; the sheet designation is probably out of date. The other Khalid Saleem results (KAUST, NASA, Office Depot, etc.) are unrelated.","site:linkedin.com/in ""Khalid Saleem"" Quaid-i-Azam University computer science [allowed_domains=linkedin.com]"
Mentors - Prof. Speaker,72,Dr. M. Ashraf,Added (verified by 2 independent checks),https://www.linkedin.com/in/muhammad-ashraf-404738262/,,"Result title: ""Muhammad Ashraf - Professor - Capital University of Science & Technology"" | Result title explicitly ties this URL to role 'Professor' at 'Capital University of Science & Technology' (= row org CUST and row designation Professor). M. Ashraf = Muhammad Ashraf. Same search also surfaced a ResearchGate profile (Muhammad-Ashraf-8) saying a Muhammad Ashraf is in the Electrical Engineering dept at CUST (power quality / power electronics), matching the row's EE field. The department is not shown on the LinkedIn title itself.","site:linkedin.com/in ""Muhammad Ashraf"" ""Capital University of Science"" electrical engineering professor"
Mentors - Prof. Speaker,87,Dr. Muhammad Aleem,Added (verified by 2 independent checks),https://www.linkedin.com/in/muhammad-aleem-3149a233/,,"Result title: ""Muhammad Aleem - Coventry University"" | Same /in/ link appeared in Links in both searches. Search 2 summary: Muhammad Aleem, Full Professor at NUCES-FAST Islamabad (parallel/distributed/cloud computing); on LinkedIn affiliated with FAST-NUCES Islamabad, ~2,000 followers; supervised Sana Aurangzeb's PhD defense (a FAST PhD); member of Higher Education Academy and ACM. Search 17 summary: 'Muhammad Aleem is currently serving as an Assistant Professor (Teaching) at the School of Science at Coventry University. Previously, he served at the department of computer science at FAST-NUCES Islamabad', and 'The LinkedIn profile (linkedin.com/in/muhammad-aleem-3149a233/) confirms his current role at Coventry University'. Current employer differs (moved to Coventry), but evidence explicitly shows prior FAST-NUCES Islamabad CS service. CAVEAT: summary hedged that the FAST faculty page still lists a Full Professor Muhammad Aleem (likely a stale page). The only other UK Muhammad Aleem (/in/muhammad-aleem-2784b1139/, Surrey) has no FAST tie.","""Muhammad Aleem"" FAST NUCES Islamabad LinkedIn | site:linkedin.com/in ""Muhammad Aleem"" Coventry University NUCES professor"
Mentors - Prof. Speaker,100,Dr. Muhammad Umar Khan,Added (verified by 2 independent checks),https://www.linkedin.com/in/muhammad-umar-khan-9b6862239/,,"Result title: ""Muhammad Umar Khan - Islamabad, Islāmābād, Pakistan"" | Top result in Links list for site:linkedin.com/in query with RIMMS NUST. Search summary for this exact URL: experience at NUST School of Electrical Engineering & Computer Science (8 yrs 10 mos) - Associate Professor (Jan 2022-Mar 2024), Head of Department for RF & Microwave (Jul 2020-Jun 2023), Assistant Professor (2015-2021); BE Electrical from NUST; location Islamabad. RIMMS = NUST's Research Institute for Microwave & Millimeter-wave Studies (at SEECS), so 'HOD RF & Microwave' at NUST matches 'HOD, RIMMS'. Other results were different Muhammad Umar Khans (IBA, NAB, Atlas, etc.).","site:linkedin.com/in ""Muhammad Umar Khan"" RIMMS NUST"
Mentors - Prof. Speaker,109,Nabeel Saqib,Added (verified by 2 independent checks),https://www.linkedin.com/in/nabeel-saqib-2171549/,,"Result title: ""Nabeel Saqib - Chief Operations Officer - Transworld Home"" | Lead confirmed. site:linkedin.com/in search returned only two Nabeel Saqib profiles: (1) /in/nabeel-saqib-2171549/ 'Chief Operations Officer - Transworld Home', described as a C-suite leader with 35+ years of international experience in technology management, business development, operations and strategy across IT, fintech and telecom (NED University; Pakistan); (2) /in/nabeel-saqib-75476528a/ 'Pana Copper' (natural resources/copper exploration, Islamabad) - not a tech executive. The sheet's org 'Citizen' is generic, so the match rests on name + role/industry 'Tech Executive', which only profile (1) fits.","site:linkedin.com/in (""Waleed Bin Haroon"" OR ""Nabeel Saqib"") | site:linkedin.com/in ""Nabeel Saqib"""
Mentors - Prof. Speaker,124,Prof. Dr. Tamim Ahmed Khan,Added (verified by 2 independent checks),https://www.linkedin.com/in/tamim-khan-51ba5535/,,"Result title: ""Tamim Khan - Leicester, England, United Kingdom"" | Result link /in/tamim-khan-51ba5535 appeared in both searches. The second search summary says this Tamim Khan is an Associate Professor at Bahria University, Islamabad, Pakistan, with the profile located in Leicester, England. The first search showed he earned his PhD in Software Engineering at Leicester University, UK (2012), which matches the location. The other Tamim Khan profiles (Dhaka, Snowflake, COO) do not match.","""Tamim Ahmed Khan"" Bahria University software engineering LinkedIn | site:linkedin.com/in ""Tamim Khan"" Bahria University Islamabad professor"
Mentors - Prof. Speaker,126,Dr. Qaiser Abbas Naqvi,Added (verified by 2 independent checks),https://www.linkedin.com/in/qaisar-naqvi-3961333b/,,"Result title: ""Qaisar Naqvi - Department of Electronics, Quaid-i-Azam University"" | Result title: Department of Electronics, Quaid-i-Azam University. Summary: Qaisar Abbas Naqvi, Professor in the Dept. of Electronics at QAU Islamabad, winner of the 2022 SPIE Diversity Outreach Award. Original link was pk.linkedin.com, converted here to www.","site:linkedin.com/in ""Qaisar Abbas Naqvi"" OR ""Qaiser Abbas Naqvi"" Quaid-i-Azam"
Mentors - Prof. Speaker,129,Dr. Qamar ul Islam,Added (verified by 2 independent checks),https://www.linkedin.com/in/qamarul-islam-630588b/,,"Result title: ""Qamarul Islam - Project Director Lunar Mission ICUBE-Qamar (ICUBE-Q) - Institute of Space Technology (IST)"" | The URL is in the Links list. The title names the Institute of Space Technology (IST). The summary says he is Project Director of ICUBE-Q and Head of Electrical Engineering and Communication Systems Engineering at IST, Islamabad, which matches the row's EE professor role at IST.","site:linkedin.com/in (""Qamar ul Islam"" OR ""Abdul Waheed"") ""Institute of Space Technology"""
Entrepreneur - Founder,43,Asim Jamal,Not added - URL already used by another row (duplicate person),,https://www.linkedin.com/in/asimajmal/,"The Tekrowe co-founder's name is spelled Asim AJMAL. Result title: 'Asim Ajmal - Tekrowe Digital'. Summary: Co-founder and COO of Tekrowe Digital, Islamabad, and a Charter Member of TiE Islamabad (April 2022). This matches the sheet's 'Founder, Tekrowe; Board Member, TiE'. The sheet name should be corrected to Asim Ajmal. A separate 'Asim Jamal - Freelance' profile (/in/asim-jamal-5192a447/) has no Tekrowe tie and was rejected.","""Asim Jamal"" Tekrowe founder TiE Islamabad LinkedIn"
Entrepreneur - Founder,102,Junaid Khan,Not added - candidate failed verification,,https://www.linkedin.com/in/junaid-khan-0b14895/,"Rejected: Very common name; the org match depends on reading 'TWA' as Transworld Associates, the CEO role is not shown, and the Orange, California location does not fit, so identity is not established. | Finder notes: The result title names Transworld Associates, the Pakistani submarine-cable/telecom operator usually shortened to TWA (its sister group company Airblue is also in the title). Name + organization match. Caveat: the title/snippet doesn't show the CEO title, and the summary gave an odd location (Orange, California). The org match depends on reading the row's 'TWA' as Transworld Associates. All other Junaid Khan results were unrelated (Builders, e&, Peraton, VinFast, etc.).","site:linkedin.com/in ""Junaid Khan"" CEO TWA"
Entrepreneur - Founder,168,Nadeem Shaikh,Not added - candidate failed verification,,https://www.linkedin.com/in/nrshaikh/,"Rejected: A common name with only a Karachi location in the title; the Neem tie rests solely on a vague search-summary attribution ('Neem involvement') that could come from the other Neem-related results, and the finder itself rates it moderate confidence. | Finder notes: The search summary says Nadeem Shaikh co-founded Neem (embedded-finance fintech, Neem Paymenow) with Vladimira Briestenska. It names /in/nrshaikh/ as the profile showing his Neem involvement and Pakistani fintech activity. The result title itself shows only name and Karachi location. A Neem employee profile (Umayr Khan, Founding Marketer @ Neem) also appeared, which supports Neem as a Karachi company. Moderate confidence: the Neem link comes from the summary, not the title.","site:linkedin.com/in ""Nadeem Shaikh"" Neem founder"
Entrepreneur - Founder,262,Umer Usman,Not added - candidate failed verification,,https://www.linkedin.com/in/umer-usman-b40990127/,"Rejected: The only Devsiom link is the generic 'can introduce you to 2 people at Devsiom Technologies' text, which is not evidence of employment, and the title shows an unrelated employer (Milesahead, Doha). | Finder notes: The search summary ties this same profile to the row org: 'Umer Usman can introduce you to 2 people at Devsiom Technologies ... profile is at linkedin.com/in/umer-usman-b40990127' (that LinkedIn line means Devsiom Technologies is in his experience). The headline employer is Milesahead(M-A), Doha, Qatar, so Devsiom may be a past or second current role. None of the other 9 'Umer Usman' profiles returned mention Devsiom.","site:linkedin.com/in (Devsiom OR ""Siber Koza"" OR ""Nouveau Energy"" OR ""Shahnawaz Associates"") | site:linkedin.com/in ""Umer Usman"" Devsiom"
Industrialist - Government,108,Salman Ahmed,Not added - candidate failed verification,,https://www.linkedin.com/in/salman-ahmed-796b442/,"Rejected: Very common name; the summary links this URL to Fidelity International but describes a Global Head of Macro, not the row's 'CEO & Cofounder', and the title shows only a London location, so identity is not proven. | Finder notes: Link in Links list. Search summary explicitly ties linkedin.com/in/salman-ahmed-796b442 to Fidelity International ('spent 7 years at Fidelity International') and says Salman Ahmed is Global Head of Macro and Strategic Asset Allocation there (London-based). No other Salman Ahmed result was tied to Fidelity (the other was Edelman). CAVEAT: the row's designation 'CEO & Cofounder' does not match. He was a macro/asset-allocation head, not CEO (Fidelity International's CEO was Anne Richards). The title shows only a location, so he may have moved on. Org match is solid but role is not; review if the sheet's role is what matters.","site:linkedin.com/in ""Salman Ahmed"" ""Fidelity International"" CEO"
Industrialist - Government,112,Sana Hussain,Not added - candidate failed verification,,https://www.linkedin.com/in/syeda-sana-hussain-87ab6511/,"Rejected: A common name with no employer in the title; the only P@SHA link is a time-limited CXO mentorship-program mentor role, which does not establish her as the row's P@SHA 'ecosystem professional', and the finder flags it for a manual check. | Finder notes: The summary describes her as a People & Programs leader and a CXO Mentorship Program Mentor at P@SHA (Pakistan IT Industry Association) from Jan 2025 to Apr 2026. She is the only Sana Hussain profile tied to P@SHA; the others (Data Science, The Next School) are unrelated. Caveat: her P@SHA role is program mentor, not confirmed P@SHA staff, while the sheet lists P@SHA's generic startups@/delegations@ emails and the vague designation 'Ecosystem professional'. Worth a quick manual check.","site:linkedin.com/in ""Sana Hussain"" (""P@SHA"" OR ""Pakistan Software Houses Association"")"
Investor,20,Rafaeel Chaudhry,Not added - candidate failed verification,,https://www.linkedin.com/in/rafaeel/,"Rejected: Only the rare name matches: the row's sole attribute (Investor) is explicitly not confirmed, and an RBC payments role is not an independent match. | Finder notes: Only one Rafaeel Chaudhry came up across 2 searches (exact match on a rare spelling): 'Rafaeel Chaudhry - RBC' (/in/rafaeel/), Toronto, payments/fintech at RBC. Summary mentions investment-analysis work (ARISE Technologies investment-decision project). The second search also surfaced his own post (linkedin.com/posts/rafaeel_fast-nu-alumni-association-north-america-...), with the same slug, about FAST-NU Alumni North America scholarships. That ties him to the Pakistani tech diaspora that fits this worksheet. CAVEAT: the summary says results do not show he is a professional investor or VC, so the 'Investor' role is NOT explicitly confirmed. The match rests on the rare exact name plus the finance field.","site:linkedin.com/in ""Rafaeel Chaudhry"" investor | ""Rafaeel Chaudhry"" investor"
Mentors - Prof. Speaker,23,Dr. Asif Ullah Khan,Not added - candidate failed verification,,https://www.linkedin.com/in/asifullah-khan-08013a7/,"Rejected: The sheet's org is 'PEAS', not PIEAS, and the row has no designation, email or city, so matching this common name depends on an assumed typo that the finder itself asks to have verified. | Finder notes: The title shows his current employer as PIEAS (Pakistan Institute of Engineering & Applied Sciences). The summary says he holds the President's Pride of Performance award, works at PIEAS in Islamabad, is Director CMS and Head PAIC there, and works in AI/deep learning. The match depends on reading the sheet's org 'PEAS' as PIEAS, so please verify. The other results did not fit: 'Asifullah Khan - --' (52b960253) has no info, and 'Asif Ullah Khan - Pakistan Global Alumni Network' has no PIEAS tie.","site:linkedin.com/in (""Asifullah Khan"" OR ""Asif Ullah Khan"") PIEAS OR PEAS"
Mentors - Prof. Speaker,125,Prof. Dr. Zulfiqar Habib,Not added - candidate failed verification,,https://www.linkedin.com/in/dr-zulfiqar-habib-9309111a/,"Rejected: The title's current employer is 'YouTube Channel' and nothing ties this URL to COMSATS or a professor role; the match rests on a Kagoshima-education attribution from a general-web summary that also drew on Sciprofiles/COMSATS pages, and a separate COMSATS-Lahore Zulfiqar Habib profile exists. | Finder notes: This resolves the earlier ambiguity. The search summary says this profile lists education at Kagoshima University, Japan, and location Lahore. Sciprofiles and COMSATS sources say Prof. Dr. Zulfiqar Habib (CS, COMSATS Lahore) earned his PhD in CS at Kagoshima University in 2004. The other candidate from the earlier pass (/in/zulfiqar-habib-23290b21b) only showed COMSATS Lahore, with no Kagoshima or professor detail, so the 9309111a profile has the stronger match.","""Zulfiqar Habib"" Kagoshima COMSATS Lahore professor LinkedIn"
Mentors - Prof. Speaker,141,Dr. Shahzad Hassan,Not added - candidate failed verification,,https://www.linkedin.com/in/dr-shahzad-hassan-3b3ab813/,"Rejected: The title shows Military Technological College, and the only Bahria tie comes from a summary that also says 'Department of Law' and never confirms the Computer Engineering HOD role, suggesting it blended same-name results (a Bahria-alumnus Shahzad Hassan was also returned). | Finder notes: His current employer is Military Technological College (Oman). The tool summary for this same profile ties it to Bahria University Islamabad and gives a PhD in Information and Communication Engineering with 17+ years of academic experience, which fits a former HOD of Computer Engineering. One caveat: the summary also says 'Department of Law', which looks garbled for an ICE PhD. The other results were not this person: 'Shahzad Hassan - Exordium Networks Inc.' is only a Bahria alumnus, and the others (PA Consulting, an Islamabad profile with no org) don't fit.","site:linkedin.com/in ""Shahzad Hassan"" Bahria University computer engineering"
Mentors - Prof. Speaker,158,Dr. Zafar Ullah Koreshi,Not added - candidate failed verification,,https://www.linkedin.com/in/zafar-koreshi-408b37199/,"Rejected: The surname is rare, but the only Air University link is the generic 'can introduce 10+ people at Air University' text, and the title shows a different employer (SOLVED ENGINEERING LTD) with no stated tie to the row's professorship. | Finder notes: Only Zafar Koreshi in Links list for dedicated site:linkedin.com/in ""Koreshi"" Zafar Air University query. Search summary for this exact URL: 'Zafar can introduce 10+ people at Air University'; works at SOLVED ENGINEERING LTD; education University of Cambridge. Rare surname + explicit Air University tie on the profile.","site:linkedin.com/in (""Zafar Koreshi"" OR ""Zafar Ullah Koreshi"" OR ""Saleem Shahid"") Air University | site:linkedin.com/in ""Koreshi"" Zafar Air University"
Mentors - Prof. Speaker,159,Dr. Zeeshan Ali Khan,Not added - candidate failed verification,,https://www.linkedin.com/in/muhammad-zeeshan-588a7726/,"Rejected: The profile name is only 'Muhammad Zeeshan' (very common at NUST) and the title says only 'Associate Professor - NUST'; the 'Ali Khan'/IESE attribution comes from a general-web summary that also drew on a Google Scholar page for M. Zeeshan Ali Khan, so conflation cannot be ruled out. | Finder notes: An exact full-name query, ""Muhammad Zeeshan Ali Khan"" IESE NUST, returned this profile as its top link. The same results included Google Scholar 'Muhammad Zeeshan Ali Khan' (verified email at iese.nust.edu.pk; air quality, renewable energy, catalytic pyrolysis). The summary attributes this profile to Muhammad Zeeshan Ali Khan: Associate Professor at NUST, Head of IESE, in his current position since Aug 2020, teaching the Environmental Engineering program. The row's email prefix mzalikhan@iese.nust.edu.pk matches M. Zeeshan Ali Khan. LinkedIn says Associate Professor while the row says Professor, probably an outdated title. Rejected: 'Dr Zeshan - Institute of Environmental Sciences and Engineering (IESE), SCEE, NUST' (/in/dr-zeshan-b0776048/), a different, single-named IESE professor.","Zeeshan Ali Khan professor IESE NUST environmental engineering [allowed_domains=linkedin.com] | ""Muhammad Zeeshan Ali Khan"" IESE NUST LinkedIn"
Entrepreneur - Founder,4,Adeel Rasheed,Not found - no verifiable public LinkedIn profile,,,"Round 2: Search 1 summary: Adeel Rasheed co-founded SnappRetail (2021, Karachi, with Moazzam Ali Khan, Ahsan Aziz, Moiz Ali) and was formerly Director of Shopper and Customer Marketing at Unilever; no /in/ link. Search 2 (Unilever variant) returned two plausible but unconfirmed profiles: (a) https://www.linkedin.com/in/adeel-rasheed-4bb48139/ titled 'Adeel Rasheed - Director' (also as pk.linkedin.com, so Pakistan-based; matches the prior candidate, but no SnappRetail/Unilever text tied to it); (b) https://www.linkedin.com/in/adeel-rasheed-6b4b7211/ titled 'Adeel Rasheed - Building community through ...', which the summary ties to Unilever Pakistan (5+ yrs at Wall's/Unilever, 2005 earthquake relief volunteer) but located in McLean, US. Neither is tied to SnappRetail, and two candidates cannot be distinguished, so not_found. (a) is the more likely candidate if someone can check it manually.","""Adeel Rasheed"" SnappRetail co-founder LinkedIn | site:linkedin.com/in ""Adeel Rasheed"" Unilever Karachi"
Entrepreneur - Founder,7,Adnan Sarfaraz,Not found - no verifiable public LinkedIn profile,,,"Round 1: Near-name results only: 'Adnan Sarfraz - Sarfraz Group' (different company, no AI Genics tie) and 'Mohammed Sarfaraz Gani Adnan - International Journal of Climatology'. Neither accepted. A WebFetch of the official site aigenics.ai was blocked by the network egress proxy (EGRESS_BLOCKED).","site:linkedin.com/in ""Adnan Sarfaraz"" AI Genics"
Entrepreneur - Founder,8,Dr. Adnan Tariq,Not found - no verifiable public LinkedIn profile,,,"Round 1: Only unrelated Adnan Tariq profiles came back: Synavos (/in/syedadnantariq/), Netcompany, Dubai, M Adnan Tariq (AeDI), Standard Engineering Works, A.G. Tariq & Co., Nestlé Pakistan. One Funavry employee appeared (Hamad Ali - Software Engineer at Funavry & ChainGPT). The summary says other people's profiles mention him as Funavry CEO, but his own profile URL was not returned. WebFetch of funavry.com was blocked by the egress proxy.","site:linkedin.com/in ""Adnan Tariq"" Funavry"
Entrepreneur - Founder,12,Ahmed Umar,Not found - no verifiable public LinkedIn profile,,,"Round 2: Only unrelated profiles returned: 'Ahmed Umar - VTV-VMEDIA Group' (/in/ahmed-umar-938a5832/, Maldives media/link design engineer) and several 'Umar Ahmed' profiles (LRCC Global, Workiva, Kingbee Vans). A second query on the org name (Ensid + Umar + CEO, to catch Ahmad/Umar-Ahmed variants) returned no LinkedIn profiles at all, only Wikipedia/other Umars. Nothing mentions Ensid.IO. A WebFetch of the official site https://ensid.io (to look for a team page with a LinkedIn link) was blocked by the network egress proxy.","site:linkedin.com/in ""Ahmed Umar"" Ensid | site:linkedin.com/in Ensid Umar CEO"
Entrepreneur - Founder,13,Ahsan Iftikhar,Not found - no verifiable public LinkedIn profile,,,Round 1: Ten Ahsan Iftikhar profiles came back: Globalstar; Ahsan Iftikhar Nagi; Spectrum Solution; Nintex K2 Architect; notebooksbilliger.de; CEO Sias Group; Dubai Islamic Bank; BOMSA; Bradford NHS; Meezan Bank. None mentions Pluto or NICAT.,"site:linkedin.com/in ""Ahsan Iftikhar"" Pluto"
Entrepreneur - Founder,16,Air Cdre (R) Asim Anwer,Not found - no verifiable public LinkedIn profile,,,"Round 2: I tried both Anwer and Anwar (the email is anwarasim44). No result ties a profile to Priority Flight Support, a CEO role or the PAF. Results: Asim A. - Avia Aviation (Australia); Asim Anwar in Fremont CA, Embassy of India Brussels, a freelance marketing consultant, CEO of an advertising agency, Al Hadi Textile and Zetasoft; and a post by Asim Ali Anwar (HR/program manager).","site:linkedin.com/in Asim Anwer ""Priority Flight Support"" | ""Asim Anwar"" ""Priority Flight Support"" LinkedIn"
Entrepreneur - Founder,18,Ali Akhtar,Not found - no verifiable public LinkedIn profile,,,"Round 2: The search summary says Ali Akhtar is Founder & CEO of DynaSys Networks (IoT), Islamabad, but none of the Ali Akhtar links in the Links list carries DynaSys in its title or snippet: 'Ali Akhtar - Web Developer - CSG Pakistan', 'Ali Akhtar - IT Project Manager' (/in/1aliakhtar/), 'Ali Akhtar - Business Development Executive at Zulco International Inc', 'Ali Akhtar - Recovery Specialist - U Microfinance Bank Limited', 'Ali Akhtar - Textile Designer'. No URL is explicitly tied to DynaSys, so none accepted.","site:linkedin.com/in ""Ali Akhtar"" DynaSys"
Entrepreneur - Founder,22,Altaf Qureshi,Not found - no verifiable public LinkedIn profile,,,"Round 1: I ran out of search budget before this row. Prior pass: site:linkedin.com/in ""Altaf Qureshi"" Wukla found nothing. Next variant to try: Paksign. || Round 2: No /in/ profile URL in the Links list. Results only gave the Wukla company page (pk.linkedin.com/company/wukla), his X account 'Altaf Qureshi (@majqureshi)' (Barrister; CEO MyWukla; associate at Hardwicke Law; Karachi) and Founder Institute mentor pages. Identity (CEO & co-founder of Wukla and Paksign, Barrister) confirmed, but no LinkedIn profile URL surfaced; slug not guessed.","""Altaf Qureshi"" Wukla Paksign LinkedIn"
Entrepreneur - Founder,23,Amber Zaheer,Not found - no verifiable public LinkedIn profile,,,Round 1: The query returned no LinkedIn profiles.,"site:linkedin.com/in (""Neelma Islam"" OR ""Amber Zaheer"" OR ""Iskander Khwaja"")"
Entrepreneur - Founder,26,Amina,Not found - no verifiable public LinkedIn profile,,,"Round 1: The combined org-only query, which included 'Siber Koza', returned no LinkedIn links at all. The sheet gives only a first name, so a dedicated query would be: site:linkedin.com/in Amina ""Siber Koza"".","site:linkedin.com/in (Devsiom OR ""Siber Koza"" OR ""Nouveau Energy"" OR ""Shahnawaz Associates"")"
Entrepreneur - Founder,27,Amir Zahoor,Not found - no verifiable public LinkedIn profile,,,"Round 2: Many Amir Zahoor profiles were returned (IBM; RemoteWell co-founder; GSK; EXL; Jabong; a Srinagar school; a bike rider; an ""Aamir Zahoor"" at AUA Solutions). None mention Auto Track International, power solutions or a CEO role, so none is accepted.","site:linkedin.com/in ""Amir Zahoor"" Auto Track"
Entrepreneur - Founder,28,Ammar Ghory,Not found - no verifiable public LinkedIn profile,,,Round 1: A combined OR query returned no Ammar Ghory LinkedIn profile.,"site:linkedin.com/in (""Ammar Ghory"" OR ""Vaseem Anvar"" OR ""Shahzad Umer"")"
Entrepreneur - Founder,30,Amna Masood,Not found - no verifiable public LinkedIn profile,,,"Round 1: The only Amna Masood result was 'Amna Masood - Software Engineer specializing in GPU performance at AMD'. That is a different person with no MavenLogix or Lahore CEO link, so I rejected it.","site:linkedin.com/in (""Amna Masood"" OR ""Afsheen Iftikhar"") (MavenLogix OR P@SHA OR ""Software Houses"")"
Entrepreneur - Founder,33,Anosha Zia,Not found - no verifiable public LinkedIn profile,,,"Round 1: The search budget (15) ran out before this row could be searched. || Round 2: The query returned no LinkedIn links, only unrelated Wikipedia pages (Shahla Zia, Anosha Nasir, environmental activists). No profile for Anosha Zia / Eco Muhafiz surfaced.","site:linkedin.com/in ""Anosha Zia"" Eco Muhafiz"
Entrepreneur - Founder,51,Bilal Ahmed,Not found - no verifiable public LinkedIn profile,,,"Round 1: This is a common name. Results showed many Bilal Ahmed profiles (Techam Solutions, Cognizant, Ascension, and others), none mentioning Infigo Solutions.","site:linkedin.com/in ""Bilal Ahmed"" ""Infigo Solutions"""
Entrepreneur - Founder,56,Ch. Amanullah Khurshid,Not found - no verifiable public LinkedIn profile,,,"Round 1: No match. The combined OR query returned only Syed Hasan (Microsoft, SF Bay Area), Syed Amanullah (Chicago) and Syed Is (Syed Enterprises, Chennai). Nothing came back for Amanullah Khurshid or Task MRO.","""Amanullah Khurshid"" OR ""Syed Hasan Sajjad"" OR ""YS Enterprises"" LinkedIn [allowed_domains=linkedin.com]"
Entrepreneur - Founder,57,Ch. Asad Ullah Khan,Not found - no verifiable public LinkedIn profile,,,"Round 2: Many 'Asad Ullah Khan' profiles (Al Tamimi & Company lawyer, Nisum, Standard Chartered, Icon Freight Services, Computer Software Engineer, CEO - Media Mind Digital marketing, UK-based, etc.); none mention iLink Systems & Solutions. Common name - no explicit org tie, so rejected.","site:linkedin.com/in ""Asad Ullah Khan"" iLink"
Entrepreneur - Founder,58,Ch. Muhammad Farooq,Not found - no verifiable public LinkedIn profile,,,"Round 1: The search cap of 15 ran out before this row. OR-grouping was not workable: on this backend, parenthesized OR queries drop the site: filter and plain OR returns loose partial-name matches. || Round 2: Ten Muhammad Farooq-type profiles came back, none tied to ITC Communications (pakitc.com): Brainchild Communications (Muhammad Ijaz Farooq), Islamic Development Bank, a capital-market digitization leader, TALACO, ITC Limited (Mohammed Farooq, India cloud kitchen, a different ITC), Rehab Initiative, IST Group, Airmee, 'Undisclosed', and 'Own business'. This is a very common name, so no acceptance is possible without an explicit org tie.","site:linkedin.com/in ""Muhammad Farooq"" ""ITC Communications"""
Entrepreneur - Founder,59,Cherry Dai,Not found - no verifiable public LinkedIn profile,,,"Round 1: The combined query was swamped by unrelated Ali Malik profiles. No Cherry Dai or Dalien profile appeared. A later pass should search this row on its own: site:linkedin.com/in ""Cherry Dai"" Dalien (or hkdali). || Round 2: Three Cherry Dai profiles came back, none tied to Dalien International or a CEO role: /in/cherry-dai-b4b6b3142/ (trade specialist, Shenzhen Jingweili Technology), /in/cherry-dai-933544250/ (""Cherry Dai - Atlian Capital"", Hong Kong, NYU) and /in/cherry-dai-1b684a86/ (Wuxi, UCT Consulting). The Hong Kong one only loosely fits the hkdali.com email domain, so it is not accepted.","site:linkedin.com/in (""Cherry Dai"" OR ""Ali Malik"") (Dalien OR Inovine) | site:linkedin.com/in ""Cherry Dai"" Dalien"
Entrepreneur - Founder,63,Engr. Shahab Hadi,Not found - no verifiable public LinkedIn profile,,,"Round 1: Combined query (with row 261). The only near hit was 'Shahab Hadidi - Daleel Petroleum LLC' (Muscat), a different person with no BeOner tie. No Shahab Hadi profile found.","site:linkedin.com/in ""Shahab Hadi"" OR ""Umar Dilawar"""
Entrepreneur - Founder,66,Faiser Shabbir,Not found - no verifiable public LinkedIn profile,,,"Round 1: The combined OR query returned no LinkedIn profiles at all, only non-LinkedIn pages. Variants not yet tried: 'Faisar Shabbir' or 'Faiser Shabir' with Vantage Soft. Company websites can't be fetched here (egress proxy blocks them). || Round 2: No Vantage Soft CEO found. Results were unrelated Shabbirs (Shabbir Hussain - CEO of his own construction firm, Shabbir Ezzi - Zayne Soft, Adil Shabbir - CPTO, Shabbir Bharmal, Shabbir Bhati - Cvent, etc.) and Ben Schaechter (CEO of an unrelated US company named Vantage). Used surname plus quoted company so the first-name spelling (Faiser/Faisar) would not filter results.","site:linkedin.com/in (""Faiser Shabbir"" OR ""Saad Soban"" OR ""Rushd Ilyas"") | site:linkedin.com/in Shabbir ""Vantage Soft"" CEO"
Entrepreneur - Founder,70,Farhan Younas,Not found - no verifiable public LinkedIn profile,,,"Round 1: The search budget (15) ran out before a dedicated query for this row. || Round 2: Farhan Younas profiles returned with no Trade Dynamics link: 'Farhan Mughal - Global Supply Chain Leader' (ca, slug farhan-younas-mughal, McCain Foods), 'Muhammad Farhan Younas - The Game Storm Studios', 'Farhan Younas, CPA - Global Marketing at BD', 'Farhan Younas - Strategy & Regulatory Engagement' (Wells Fargo), 'Farhan Younus - Cafe Bedaar'. Panjiva shows a 'Trade Dynamics' importer in Islamabad but doesn't name him.","site:linkedin.com/in ""Farhan Younas"" ""Trade Dynamics"""
Entrepreneur - Founder,71,Farooq,Not found - no verifiable public LinkedIn profile,,,"Round 1: No profile tied to Datels International came back. The only Farooq hit was 'Farooq Khan (FK) - Own bussiness' (Karachi), with no Datels link, so I rejected it. Only a first name is known.","site:linkedin.com/in (""Yahya Khan"" Toptech) OR (Farooq Datels)"
Entrepreneur - Founder,72,Fasih Sumar,Not found - no verifiable public LinkedIn profile,,,"Round 1: No match. Used a different variant from the prior pass: exact name, no org keyword, LinkedIn only. The same query returned profiles for Vladimira Briestenska and Illum Khan, but the summary says explicitly that no LinkedIn profile came back for Fasih Sumar.","""Vladimira Briestenska"" OR ""Fasih Sumar"" OR ""Illum Khan"" LinkedIn [allowed_domains=linkedin.com]"
Entrepreneur - Founder,75,Grp Capt (R) Dr. Raja Ishtiaq Ahmad,Not found - no verifiable public LinkedIn profile,,,"Round 1: Only unrelated Ishtiaq Ahmad profiles came back (Tech Vezoto, Siemens, Univ. of South Australia, Boldigital, and others). None mention Technospot, PAF or a Group Captain background.","site:linkedin.com/in ""Ishtiaq Ahmad"" Technospot"
Entrepreneur - Founder,76,Hafiz Yunus,Not found - no verifiable public LinkedIn profile,,,"Round 2: Search returned 10 XAD Technologies employees (Muhammad Shafiq, Zuhaib Akhtar, Umair Munir Minhas, Faiza Ashfaq, Muhammad Babar Khan, Ajay Haridas, Shahid Malik, Muhammad Ijlal Hassan Siddiqui, Hamzeh Obeidat, Saif ur Rahman); no Hafiz Yunus / Younas and no CEO profile.","site:linkedin.com/in Hafiz CEO ""XAD Technologies"""
Entrepreneur - Founder,77,Haider,Not found - no verifiable public LinkedIn profile,,,"Round 2: No profile tied to Sufi Sons. Only near-miss name matches: 'Haider Sons - CEO - Haider Sons' (/in/haidersonspk/, a Faisalabad public-address sound business) and 'Haider and Sons - Owner - Self-employed' (/in/haiderandsons/) - different businesses, not Sufi Sons networks/communications. Single first name only, so no basis for a match.","site:linkedin.com/in Haider ""Sufi Sons"""
Entrepreneur - Founder,82,Haroon Mushtaq,Not found - no verifiable public LinkedIn profile,,,"Round 2: ZoomInfo result confirms a Haroon Mushtaq is CEO/CTO & Technical Solution Architect at Technology Junction, Islamabad (prior: Zasway Technologies CTO, Goally, Makkays, Pakistan Revenue Automation, WCI Domani, Netsolace; MS SE from International Islamic University). No LinkedIn URL tied to Technology Junction or Zasway in either search. Lead /in/haroonmushtaq/ (titled 'Haroon Mushtaq - EnformLabs' in search 1, 'Haroon Mushtaq - Accelerator Associate at Starburst' in search 2; summary: policy/market access, Austin, Texas) rejected as a different person. Others: Srinagar India, Travelling Man UK, Vector Enterprises Oman, Pakpattan student, Bradford Council - all unrelated.","""Haroon Mushtaq"" ""Technology Junction"" LinkedIn | site:linkedin.com/in ""Haroon Mushtaq"" Zasway"
Entrepreneur - Founder,84,Hassaan Ul Haq,Not found - no verifiable public LinkedIn profile,,,"Round 2: Two exact-name profiles came back, apparently the same Chicago-based person (UChicago Harris MPP, Lahore School of Economics BSc): /in/hassaanulhaq01/ (""Hassaan Ul Haq - Co-Founder - Road Sense"") and /in/hassaan-ul-haq-39aa79100/ (""Hassaan Ul Haq - Co-Founder - Walk Lahore""; earlier title GivingTuesday). The summary says he co-founded Road Sense (formerly Walk Lahore) in Jun 2022. Neither profile mentions SDC or a COO role, so neither is accepted; the identity is unconfirmed.","site:linkedin.com/in ""Hassaan Ul Haq"" SDC | site:linkedin.com/in ""Hassaan Ul Haq"" COO Co-Founder"
Entrepreneur - Founder,86,Huma Khan,Not found - no verifiable public LinkedIn profile,,,"Round 1: I ran out of search budget before this row. Prior pass: site:linkedin.com/in ""Huma Khan"" BookMySpot found nothing. || Round 2: Exact 'Huma Safi Khan' (from email) not matched. Engine returned 10 generic Huma Khan profiles (software professional Chandler, UNMISS, behavioral economist, physicians, BSI, MGM+ counsel, TU Dresden fellow, self-employed). None mention BookMySpot or a founder role. Common name, so none can be accepted.","site:linkedin.com/in ""Huma Safi Khan"""
Entrepreneur - Founder,90,Ijaz Ahmed,Not found - no verifiable public LinkedIn profile,,,"Round 1: The search budget (15) ran out before this row could be searched. || Round 2: Common name; 10 'Ijaz Ahmed' profiles returned (Skylinx Technologies Director of Engineering, Iqra Tech, CEO at Interface Global (PVT) Limited, IBM, Sr Consultant, Touchstone Communications PK, chemist, AWS certified, Amazon, Univ. of Greenwich). None mention Camber Technologies / defence indenting; the 'CEO at Interface Global' title is a different company, so not accepted. A WebFetch of the official site https://cambertech.com (from the row email domain) was blocked by the network egress proxy.","site:linkedin.com/in ""Ijaz Ahmed"" Camber Technologies"
Entrepreneur - Founder,93,Imran Basit,Not found - no verifiable public LinkedIn profile,,,"Round 1: Two Imran Basit profiles came back: Dr. Imran Basit (/in/drimranbasit/, an Associate Professor at Shalamar Institute of Health Sciences) and Imran Basit at Liberty Mutual (/in/ib-utd/). Neither mentions Faylasufics or an IT CEO role.","site:linkedin.com/in (""Imran Basit"" OR ""Ali Hasnain"") (Faylasufics OR ""IP Centric"")"
Entrepreneur - Founder,95,Iqtidar Haider,Not found - no verifiable public LinkedIn profile,,,"Round 1: The combined query returned no LinkedIn profiles at all, only Wikipedia and Slideshare noise.","site:linkedin.com/in (""Iqtidar Haider"" Mustang) OR (""Ghazanfar Sajjad"" Telec) OR (""Muhammad Muqeet"" Neem)"
Entrepreneur - Founder,99,Jalil ur Rahman,Not found - no verifiable public LinkedIn profile,,,"Round 1: The search returned 'jalil ur rehman - sevp at pearl securities Ltd', 'Jalil Rahman - S.K Rahman & Company' and 'Jaleel Rahiman - Prime Health'. None is linked to EurekaNet, so I accepted none.","EurekaNet co-founder CEO ""Jalil"" OR ""Jaleel"" Rahman OR Rehman LinkedIn"
Entrepreneur - Founder,110,Komail Naqvi,Not found - no verifiable public LinkedIn profile,,,"Round 1: No 'Komail Naqvi' profile linked to GoZayaan came back. The GoZayaan-related hits were 'Muhammad Komail Abbas - Pakistan Trek Co.' (/in/muhammad-komail-abbas-b0096362/), which had only LinkedIn's generic 'can introduce you to 10+ people at GoZayaan' line and a different surname, and Palwasha Khattak (GoZayaan Pakistan staff). The prior lead /in/komailnaqvi/ (Director, Ali Arshad Associates) is still unconfirmed.","site:linkedin.com/in (""Yahya Khan"" ""Toptech.team Pakistan"") OR (""Komail Naqvi"" GoZayaan)"
Entrepreneur - Founder,111,M. Abdullah Afzal,Not found - no verifiable public LinkedIn profile,,,"Round 1: No match. Results were ten unrelated 'Abdullah Afzal' profiles (Intel, CityLink Group, UK, General Motors, a DevOps engineer, Punjab Group x2, Punjab Tianjin University of Technology, Acer). None mention TrueEmailer, NICAT or Rawalpindi.","""Abdullah Afzal"" TrueEmailer OR ""Inv-X Technologies"" LinkedIn [allowed_domains=linkedin.com]"
Entrepreneur - Founder,112,M. Abu Bakar bin Muzaffar,Not found - no verifiable public LinkedIn profile,,,"Round 1: No match. Results were only unrelated 'Abu Bakar' profiles (Sky Orbits, YourPower Labs, Qualcomm, Galadari Printing, Taryaak, an optical fiber assembler, Diverse Maritime, Khandaker Hospital, and the PSEB CEO /in/abubakarceopseb/, a different person). None mention Muzaffar or Star Com/Starcom. A WebFetch of the official site starcom.net.pk was blocked by the egress proxy.","site:linkedin.com/in ""Abu Bakar"" Muzaffar Starcom"
Entrepreneur - Founder,114,M. Ali Malik,Not found - no verifiable public LinkedIn profile,,,"Round 1: The search returned 10 Ali Malik profiles (Confidential, PwC, OpenAI, Google, Cyber Alchemy, Cority, NHS and others), none mentioning Inovine. The name is very common, so I accepted nothing. A later pass should try a dedicated query: site:linkedin.com/in ""Ali Malik"" Inovine. || Round 2: Dedicated query returned only unrelated Ali Maliks (Claybird YC, Microsoft, OpenAI, Palantir, Google, Cority, E-axon, etc.); nothing tied to Inovine or a Director Operations role.","site:linkedin.com/in (""Cherry Dai"" OR ""Ali Malik"") (Dalien OR Inovine) | site:linkedin.com/in ""Ali Malik"" Inovine"
Entrepreneur - Founder,117,M. Hamid,Not found - no verifiable public LinkedIn profile,,,"Round 2: Results showed only Backendz employees, none named Hamid: 'Muhammad Abbas Khan - Backendz', 'Muzamil Ali - Web Developer - Backendz', 'Adeel Ahmad Khan - Full Stack Developer - Backendz'. No profile for M. Hamid / CEO. Tried WebFetch of the official site https://backendz.co to look for a team/LinkedIn link, but the egress proxy blocked it.",site:linkedin.com/in Hamid Backendz
Entrepreneur - Founder,118,M. Humza Javed,Not found - no verifiable public LinkedIn profile,,,"Round 2: Results were unrelated Humza Javeds (DMZ Canada, IBM London, Grant Thornton US, Univ. of Calgary, City of East Palo Alto); none tied to EDA Designers or software development CEO role.","site:linkedin.com/in ""Humza Javed"" EDA Designers"
Entrepreneur - Founder,120,M. Saad Soban,Not found - no verifiable public LinkedIn profile,,,"Round 1: The combined OR query returned no LinkedIn profile for 'Saad Soban'. Variant not yet tried: ""Saad Soban"" Futurecue LinkedIn (no site: filter). || Round 2: Summary (ZoomInfo etc.) confirms Saad Soban as Manager Business & Co-Founder / COO at FutureCue Pvt (NUST EE, IBA MBA; also described as Supply Chain Business Analyst at Attock Petroleum), with Soban Nazir Syed as President & CEO, but no linkedin.com/in/ URL for Saad Soban appeared in the Links list (only zoominfo, researchgate, signalhire, future-cue.com/about-us and an unrelated Dr. Yousuf Khan profile). A clean site:linkedin.com/in ""Saad Soban"" follow-up returned only Wikipedia pages. WebFetch of future-cue.com/about-us was blocked by the egress proxy.","site:linkedin.com/in (""Faiser Shabbir"" OR ""Saad Soban"" OR ""Rushd Ilyas"") | ""Saad Soban"" Futurecue LinkedIn | site:linkedin.com/in ""Saad Soban"""
Entrepreneur - Founder,121,M. Taimur Ali,Not found - no verifiable public LinkedIn profile,,,"Round 2: 10 Taimur Ali profiles returned (Peshawar cyber analyst, Amazon, GSK, Expert Consultants Intl, /in/taimuralee/ 'Islamabad, Pakistan', Unravelers Technologies co-founder, PwC ME, etc.). None mention NICAT, The District, or Rawalpindi, so there is no org/role tie. Common name, so none can be accepted.","site:linkedin.com/in ""Taimur Ali"" NICAT"
Entrepreneur - Founder,122,M. Talal Ejaz,Not found - no verifiable public LinkedIn profile,,,"Round 2: Candidate not confirmed: ""Talal Ejaz - Chief Executive Officer at Sabzland"" (https://www.linkedin.com/in/muhammad-talal-ejaz/). The slug matches M. Talal Ejaz and the profile came back for both Croncore queries, but its summary lists only Sabzland, Salehours and Naz Group, with no Croncore or NICAT. A Medium post ""Why We Started Croncore: Building AI Beyond the Bubble"" by @talalejaz228 shows a Talal Ejaz founded Croncore (croncore.com), but nothing ties that post to this LinkedIn URL. I tried to fetch croncore.com for a founder LinkedIn link (1 of the 3 allowed fetches), but the network egress proxy blocked it.","site:linkedin.com/in ""Talal Ejaz"" Croncore | ""Talal Ejaz"" Croncore founder LinkedIn"
Entrepreneur - Founder,123,Madiha Latif,Not found - no verifiable public LinkedIn profile,,,"Round 2: Zuria Dor role confirmed off-LinkedIn (ZoomInfo m***@zuriador.com; zuriador.com/pages/the-founders: co-founder/Managing Partner, Lahore, BEng Aerospace Surrey, MSc Tech Entrepreneurship UCL), but the only LinkedIn profile in Links was /in/madiha-latif-93334218/ 'Madiha Latif - U.S. Census Bureau, Department of Commerce' (plus a post by the same slug on #learningtogether) - nothing ties that profile to Zuria Dor, so rejected. WebFetch of zuriador.com founders page blocked by egress proxy.","""Madiha Latif"" ""Zuria Dor"" LinkedIn | [WebFetch blocked] https://zuriador.com/pages/the-founders"
Entrepreneur - Founder,130,Mamoona Amir,Not found - no verifiable public LinkedIn profile,,,"Round 1: D&B and RocketReach confirm Mamoona Amir is CEO and key principal of Callmasters Inc in McKinney, TX, but no LinkedIn /in/ link for her came back. Other Callmasters staff did appear: Nimra K. (/in/nimra-k-595178297/) and Amir Raza (/in/onroadamir/, co-founder and COO per the summary). My WebFetch of callmasters.us/about was blocked by the egress proxy.","site:linkedin.com/in (""Mamoona Amir"" OR ""Farrukh Awais"") (Callmasters OR Samsung) | site:linkedin.com/in Mamoona Callmasters McKinney"
Entrepreneur - Founder,132,Mehr Bedaar,Not found - no verifiable public LinkedIn profile,,,"Round 2: Search returned no LinkedIn results at all (site filter effectively dropped; only generic bookseller pages: Bookshop (company), List of online booksellers, Kitab Khana, etc.). No profile for Mehr Bedaar.","site:linkedin.com/in ""Mehr Bedaar"" Online Bookshop"
Entrepreneur - Founder,134,Minhal Arif,Not found - no verifiable public LinkedIn profile,,,"Round 1: The search returned 'Arif Minhal - MYP Coordinator - IB School Lyceum N6' (Baku), 'Minaal Arif - Minkd' and 'Minahil Arif' (Houston). None is linked to Digi Graham Integrators.","site:linkedin.com/in ""Minhal Arif"""
Entrepreneur - Founder,141,Muhammad Ali Zaidi,Not found - no verifiable public LinkedIn profile,,,"Round 1: No result mentions NuraLuminance. The only Muhammad Ali Zaidi found was a GWU psychiatry instructor, which is not a match. No LinkedIn result links came back.","""Muhammad Ali Zaidi"" NuraLuminance"
Entrepreneur - Founder,142,Muhammad Azam,Not found - no verifiable public LinkedIn profile,,,"Round 1: The search budget (15) ran out before this row could be searched. || Round 2: Common name. The ten Muhammad Azam profiles returned (Azam electronics, EPA Victoria, PCSIR, UESTC, AladdinB2B, Corteva, Endava, Version 1, Schlumberger, a software architect) show no link to Geomatic Technologies or a CEO role. The summary mentions an unnamed GIS professional with 17+ years experience but ties it to no specific URL, so it is not accepted.","site:linkedin.com/in ""Muhammad Azam"" Geomatic Technologies"
Entrepreneur - Founder,144,Muhammad Baseer,Not found - no verifiable public LinkedIn profile,,,"Round 1: Search cap of 15 reached before this row was searched. || Round 2: No LinkedIn results. The site filter was dropped and results were panjiva trading-company pages, the UK Companies House 'Abdul Baseer Trade Ltd', and a Wikipedia page for Murtaja Baseer. Nothing ties a Baseer profile to M3 Traders.","site:linkedin.com/in Baseer ""M3 Traders"""
Entrepreneur - Founder,152,Dr. Muhammad Muqeet,Not found - no verifiable public LinkedIn profile,,,"Round 1: Muhammad Muqeet profiles found: an R&D Engineer at Boss Moulded Furniture (Wah Engineering College student), Muhammad Muqeet Ahmed (Expo 2020 Dubai), and a QA Analyst. None mention Neem Engineering, PAF-IAST or Haripur.","site:linkedin.com/in (""Iqtidar Haider"" Mustang) OR (""Ghazanfar Sajjad"" Telec) OR (""Muhammad Muqeet"" Neem) | site:linkedin.com/in ""Muhammad Muqeet"" Neem Engineering"
Entrepreneur - Founder,154,Muhammad Omer Khan,Not found - no verifiable public LinkedIn profile,,,"Round 1: No match. No linkedin.com results came back at all (only Wikipedia pages about other Omer/Umer Khans), which suggests no indexed LinkedIn profile mentions 'Bits Collision'. Not retried for lack of budget.","site:linkedin.com/in ""Bits Collision"" Omer Khan"
Entrepreneur - Founder,157,Muhammad Saqib,Not found - no verifiable public LinkedIn profile,,,"Round 1: No match. The combined query found no profile mentioning YS Enterprises; the only 'Enterprises' hit was 'Syed Is - Syed Enterprises' in Chennai, which is unrelated. A WebFetch of the official site ysenterprises.com was blocked by the egress proxy. Common name; not retried.","""Amanullah Khurshid"" OR ""Syed Hasan Sajjad"" OR ""YS Enterprises"" LinkedIn [allowed_domains=linkedin.com]"
Entrepreneur - Founder,167,Dr. Nadeem,Not found - no verifiable public LinkedIn profile,,,"Round 1: I ran out of search budget before this row. The row gives only a first name, so it would be hard to verify. || Round 2: Results were unrelated Nadeems in aerospace (Nadeem Syahmi - Galaxy Aerospace; Nadeem I. - Aero Asthetics MRO; Tariq Nadeem - Siemens; Mohammed Nadeem - GE Aerospace; Sarah Nadeem - Collins; Nadeem C. - stealth startup); none tied to RIMS / rimsedu.com. Surname unknown.",site:linkedin.com/in Nadeem CEO RIMS aerospace
Entrepreneur - Founder,169,Nadia Ikram,Not found - no verifiable public LinkedIn profile,,,"Round 1: The search cap of 15 ran out before this row. || Round 2: Neither query returned a LinkedIn profile. The site-filtered search came back with only unrelated Wikipedia pages for people named Nadia. The retry without the site filter returned other Nadias (Carlsten, Shalaby, Novik) and Turkish blog pages. Nothing ties a profile to Gelecek Tech or Gelecek Solutions (geleceksoln.com).","site:linkedin.com/in ""Nadia Ikram"" Gelecek | ""Nadia Ikram"" Gelecek CEO LinkedIn"
Entrepreneur - Founder,170,Nadir Mobeen Afridi,Not found - no verifiable public LinkedIn profile,,,"Round 1: I tried a full-name variant without the org keyword, which differs from the prior query. It returned only 'AFRIDI AFRIDI - AFRIDI TRADING JAPAN' and company pages, with no Nadir Mobeen Afridi or Kail profile.",Nadir Mobeen Afridi CEO [allowed_domains=linkedin.com]
Entrepreneur - Founder,171,Naeem Naz,Not found - no verifiable public LinkedIn profile,,,"Round 1: No Naeem Naz LinkedIn profile appeared, only Wikipedia pages for other people named Naeem. Elevon was not used as a keyword. || Round 2: No profile tied to Elevon Technologies. Name-only candidates with no aerospace/Elevon link: 'Naeem Naz - Caritas Pakistan Lahore' (/in/naeem-naz-7b49b139/), 'Naeem Naz - Dera Ghazi Khan, Punjab, Pakistan' (/in/naeem-naz-2a7a1b352/), 'Naeem Nazar - Dubai Holding'. Not accepted.","site:linkedin.com/in (""Naeem Naz"" OR ""Tariq Atiullah"" OR ""Razaullah Durrani"" OR ""Zahid Lilani"") | site:linkedin.com/in ""Naeem Naz"" Elevon"
Entrepreneur - Founder,178,Nauman Vawda,Not found - no verifiable public LinkedIn profile,,,Round 1: Combined rare-name query (with rows 282 and 67). It surfaced the Zeeshan Qedwaee profile but no Nauman Vawda profile; the other results were unrelated people. A WebFetch of the official site ivolve.io was blocked by the network egress proxy (EGRESS_BLOCKED).,"site:linkedin.com/in ""Nauman Vawda"" OR ""Zeeshan Qedwaee"" OR ""Kashoon Leeza"""
Entrepreneur - Founder,181,Neelma Islam,Not found - no verifiable public LinkedIn profile,,,Round 1: The query returned no LinkedIn profiles.,"site:linkedin.com/in (""Neelma Islam"" OR ""Amber Zaheer"" OR ""Iskander Khwaja"")"
Entrepreneur - Founder,184,Noman Tabani,Not found - no verifiable public LinkedIn profile,,,"Round 1: The search cap of 15 ran out before this row. The prior query was site:linkedin.com/in ""Noman Tabani"" TE Group, which found nothing. || Round 2: No personal profile returned. Only the company page 'Tabani Group, Inc.' (linkedin.com/company/..., which the summary says is a real-estate firm founded by Zaffar Tabani) and unrelated Wikipedia pages (Ashraf W. Tabani, Noman Group). Nothing links a Noman Tabani profile to TE Group.","""Noman Tabani"" CEO LinkedIn"
Entrepreneur - Founder,191,Peer MF Hashmi,Not found - no verifiable public LinkedIn profile,,,"Round 1: Two profiles match the exact name but I can't tell which is the right one: 'Peer M.F. Hashmi - Duarte, California, United States' (https://www.linkedin.com/in/peer-m-f-hashmi-13803115/) and 'Peer M.F. Hashmi - Gardena, California, United States' (https://www.linkedin.com/in/peer-m-f-hashmi-41883a7/). Neither title nor the summary shows 360/360-DMG or a CEO role, and they may be duplicate accounts of the same person. Under the two-profiles rule I reported not_found. Someone needs to check manually which one lists 360-DMG. || Round 2: Still ambiguous. This search returned only the Gardena profile /in/peer-m-f-hashmi-41883a7/ (""Peer M.F. Hashmi - Gardena, California, United States"", 6 connections), with no mention of 360-DMG or a CEO role. Round 1 also found a Duarte CA profile, /in/peer-m-f-hashmi-13803115/. Nothing shows which of the two is the 360-DMG CEO. A WebFetch of the official site 360-dmg.com was blocked by the egress proxy.","site:linkedin.com/in ""Peer"" Hashmi CEO 360 (""360-DMG"" OR ""360 DMG"" OR ""360 Digital"") | ""Peer Hashmi"" 360-DMG CEO LinkedIn"
Entrepreneur - Founder,194,Razaullah K. Durrani,Not found - no verifiable public LinkedIn profile,,,"Round 1: Two sites confirm his identity: otiumtech.com/about-us and his personal site rdurrani.com (titled 'Razaullah K. Durrani') say he is CEO of Otium Technology (Multan, founded 2019). Neither search returned a LinkedIn URL. WebFetch of rdurrani.com and otiumtech.com/about-us was blocked by the egress proxy. A manual visit to rdurrani.com would likely turn up his LinkedIn link. || Round 2: Results confirmed identity (rdurrani.com 'Razaullah K. Durrani'; otiumtech.com About Us: co-founder & CEO of Otium Technology, Multan, registered 2019) but no linkedin.com/in URL appeared in the Links list (only Wikipedia pages for other Durranis). WebFetch of rdurrani.com and otiumtech.com/about-us both refused (EGRESS_BLOCKED), so the LinkedIn link on those sites could not be read. Pass-2 query site:linkedin.com/in Durrani Otium Multan returned only other Durranis (Tariq - Alcon, Omer - NFC IET Multan lecturer, Osman - Multan, Mustafa - Cisco) and the otiumtech.com About Us page; no Razaullah profile.","site:linkedin.com/in (""Naeem Naz"" OR ""Tariq Atiullah"" OR ""Razaullah Durrani"" OR ""Zahid Lilani"") | site:linkedin.com/in Razaullah Durrani Otium Technology | ""Razaullah Durrani"" Otium LinkedIn | site:linkedin.com/in Durrani Otium Multan"
Entrepreneur - Founder,200,Saad Hassan,Not found - no verifiable public LinkedIn profile,,,"Round 1: The search budget ran out before this row. It's a common name with an unusual org ('Bio ICAW Tech'). Suggested query: site:linkedin.com/in ""Saad Hassan"" ICAW. || Round 2: 10 Saad Hassan profiles returned (Fenwick & West, McKesson Canada, Symmetry Group, INTECH, AutoNation, WUST, JK Sun Valley, Oakville, Lahore, a student). None mention Bio ICAW Tech or a CEO role. Common name, so none can be accepted.","site:linkedin.com/in ""Saad Hassan"" ICAW"
Entrepreneur - Founder,206,Dr. Saleem Akhtar,Not found - no verifiable public LinkedIn profile,,,"Round 2: Ten Saleem Akhtar profiles came back, none tied to DynTek Engineering, aerospace or Rawalpindi: EPTeck (/in/saleemakhtar1/), IBM, a software engineer, Talent House accountant, Shaheen Tyres, KCI Engineering Consultants, US FDA, Silicon Valley Bank, and two Muhammad Saleem Akhtar (Creative Head; Substation Engineering). The summary confirmed that no result showed a DynTek link.","site:linkedin.com/in ""Saleem Akhtar"" DynTek"
Entrepreneur - Founder,209,Salma Gul,Not found - no verifiable public LinkedIn profile,,,"Round 1: Three 'Salma Gul' profiles came back: 'Salma Gul - IZee Manpower Consultancy Pvt Ltd' (Bengaluru), 'Salma Gul - Interpreter - Central fashion plus food land' (North Carolina) and 'salma gul - Md - VA Hospital'. None is tied to Safe Solutions Consultants or IT. Rejected.","site:linkedin.com/in ""Salma Gul"" ""Safe Solutions"""
Entrepreneur - Founder,223,Shabbir Hussain,Not found - no verifiable public LinkedIn profile,,,"Round 1: I ran out of search budget before this row. || Round 2: The query returned no LinkedIn links, only unrelated Wikipedia pages for various Shabbir Hussain/Shabbir people. The exact phrase 'Soft Communications' may not appear on his profile; the company domain is softcom.com.pk.","site:linkedin.com/in ""Shabbir Hussain"" ""Soft Communications"""
Entrepreneur - Founder,226,Shahzad Umer,Not found - no verifiable public LinkedIn profile,,,"Round 1: A combined OR query returned only Umer Shahzad profiles (NDMA, RMIT, IDRAK Ai) and Shahzad Umar (Nestle). None mention MARS Pakistan or Rawalpindi.","site:linkedin.com/in (""Ammar Ghory"" OR ""Vaseem Anvar"" OR ""Shahzad Umer"")"
Entrepreneur - Founder,229,Shariq Thanvi,Not found - no verifiable public LinkedIn profile,,,"Round 1: Lead only: https://www.linkedin.com/in/sthanvi/ 'Shariq A. - Enterprise Revenue & Growth Leader'. The summary says he works at Visionet Systems Inc. in the Los Angeles Metropolitan Area (500+ connections). The slug 'sthanvi', the first name Shariq and the LA location fit the row's name and city. However, his current employer is Visionet, not Saifst corp, nothing shows the President/Saifst role, and the displayed surname is only 'A.', so it stays not_found. Next search to try: ""Shariq Thanvi"" Saifst. || Round 2: LEAD not confirmed. Search 1 returned https://www.linkedin.com/in/sthanvi/ titled 'Shariq A. - Visionet Systems Inc.' (current employer Visionet Systems, not Saifst). The Saifst tie appears only in non-LinkedIn results: a bizprofile.net filing lists Shariq Alvi Thanvi (Northridge, CA) as CEO/CFO of Saifst Corp, and a change.org petition lists Shariq Thanvi of Saifst corp. Search 2 (site:linkedin.com/in Shariq ""Saifst"") found no LinkedIn profile containing 'Saifst'; /in/sthanvi/ did not surface, only unrelated Shariqs. The slug sthanvi and 'Shariq A.' (A = Alvi?) plus the LA location from the prior lead are consistent, but no result explicitly ties the URL to Saifst Corp or a President role. Strong unconfirmed lead for manual check.","site:linkedin.com/in (""Shariq Thanvi"" OR ""Saboohi Hussain"") | ""Shariq Thanvi"" Saifst LinkedIn | site:linkedin.com/in Shariq ""Saifst"""
Entrepreneur - Founder,233,Shazia Khan,Not found - no verifiable public LinkedIn profile,,,"Round 2: Ten Shazia Khan profiles returned (NSW Dept of Planning and Environment, Axiom, digital earthians, Genentech, Definity, Publicis Groupe, University of Edinburgh, 407 ETR, President at AQSA LLC, Kroll). None mentions EcoEnergy, a CEO role or Washington DC.","site:linkedin.com/in ""Shazia Khan"" EcoEnergy"
Entrepreneur - Founder,234,Shehroze Bhatti,Not found - no verifiable public LinkedIn profile,,,"Round 2: Only ""Shehroz Bhatti"" profiles came back on LinkedIn, all in unrelated roles (Agiato shoes, ACCA, National Foods, Sage Freight, TopBro, Islamabad); none mention Aegasis Labs. A follow-up search without the site filter confirmed from UK Companies House, Tracxn and Crustdata that Shehroze Bhatti founded Aegasis Labs (London) and is its majority PSC, but it returned no LinkedIn profile URL. A WebFetch of the official site aegasislabs.com was blocked by the egress proxy.","site:linkedin.com/in ""Shehroze Bhatti"" Aegasis | ""Shehroze Bhatti"" ""Aegasis Labs"""
Entrepreneur - Founder,243,Suleiman Khan,Not found - no verifiable public LinkedIn profile,,,"Round 1: I ran out of search budget before this row. || Round 2: Several Suleiman/Suleman/Sulaiman Khan profiles came back (Palo Alto Networks, Broyles Plumbing, Citi, NYU Langone, Chromality, HBKU, a civil engineer, San Francisco). None mentions Waazeh Tech or a CEO role there.",site:linkedin.com/in Suleiman Khan Waazeh
Entrepreneur - Founder,244,Syed Ali Hasnain,Not found - no verifiable public LinkedIn profile,,,"Round 1: The only match returned was 'Syed Ali Hasnain - Faiz' (/in/syed-ali-hasnain-4b622028/), which has no link to IP Centric or aviation metal reclamation. Not accepted.","site:linkedin.com/in (""Imran Basit"" OR ""Ali Hasnain"") (Faylasufics OR ""IP Centric"")"
Entrepreneur - Founder,247,Syed Ghazanfar Sajjad,Not found - no verifiable public LinkedIn profile,,,Round 1: The combined query returned no LinkedIn profiles.,"site:linkedin.com/in (""Iqtidar Haider"" Mustang) OR (""Ghazanfar Sajjad"" Telec) OR (""Muhammad Muqeet"" Neem)"
Entrepreneur - Founder,248,Syed Hasan Sajjad,Not found - no verifiable public LinkedIn profile,,,"Round 1: No match. The combined query returned only 'Syed Hasan - Enterprise Account Manager - Software & Digital Platforms - Microsoft' (/in/hellosyed/, SF Bay Area). It has no Sajjad or Trade Linkers tie, so it was not accepted.","""Amanullah Khurshid"" OR ""Syed Hasan Sajjad"" OR ""YS Enterprises"" LinkedIn [allowed_domains=linkedin.com]"
Entrepreneur - Founder,250,Syed Muhammad Nasir Ud Din,Not found - no verifiable public LinkedIn profile,,,"Round 1: The only LinkedIn hit was 'Nasir Ud din - Teacher - Harvard Business School Executive Education' (/in/nasir-ud-din-512a6a262/, Islamabad). Nothing ties it to LEOS, lasers/electro-optics or a CEO role, so it was rejected. The other results were Wikipedia/IEEE LEOS pages.","site:linkedin.com/in ""Nasir Ud Din"" LEOS laser electro optical"
Entrepreneur - Founder,252,Syed Salman Tahir,Not found - no verifiable public LinkedIn profile,,,"Round 1: The search budget (15) ran out before this row could be searched. || Round 2: Ten Salman Tahir profiles came back and none mentions Foreepay or NEXTTECH Hospitality. The closest was ""Salman Tahir (FCCA) - Freedom line Brokerage Inc."" (https://www.linkedin.com/in/tahirsalman/), where only the accounting qualification fits a CFO. Without an org tie I rejected it.","site:linkedin.com/in ""Salman Tahir"" Foreepay CFO"
Entrepreneur - Founder,260,Umair Munir,Not found - no verifiable public LinkedIn profile,,,"Round 1: Search cap of 15 reached before this row was searched. Prior candidates (/in/mumairmunir, Founder EMESLY; /in/umairmunir, EEN Group) remain unresolved. || Round 2: No Umair Munir profile tied to Cityscape came back. The only Cityscape Technologies, LLC profile was a different person (Umair Naeem, /in/umair-naeem-89827a2b0/). The Umair Munir variants were Umair Munir Minhas (Xad Technologies, UAE), Hafiz Muhammad Umair Munir (Plus W), Muhammad Umair Munir (Downer), and uk /in/umairmunir 'Umair Munir - Entrepreneur' (the prior EEN Group candidate, still not tied to Cityscape). The prior candidate /in/mumairmunir (Founder EMESLY) did not reappear.","site:linkedin.com/in ""Umair Munir"" Cityscape president"
Entrepreneur - Founder,261,Umar Dilawar,Not found - no verifiable public LinkedIn profile,,,"Round 1: Combined query (with row 63). No Umar Dilawar LinkedIn profile came back, only Wikipedia 'Dilawar' pages and an unrelated 'Shahab Hadidi' profile. No Ripple Smart tie found.","site:linkedin.com/in ""Shahab Hadi"" OR ""Umar Dilawar"""
Entrepreneur - Founder,263,Ummar Hussain,Not found - no verifiable public LinkedIn profile,,,"Round 2: Query 1 (site:/in ""Ummar Hussain"" Kashmir Broadband): site: filter dropped, no /in/ URL for him; summary mentioned a LinkedIn presence tied to Kashmir Broadband (956 followers) without a URL. Retry (site:/in ""Ummar Hussain"" bare name): only unrelated profiles (Craig Maggs, Samantha Edwards) and Wikipedia; summary mentioned a different Ummar Hussain (Woodstock Legal Services, Birmingham) seen only in 'similar profiles' lists. Prior pass found only pulse article /pulse/centralized-isp-billing-ummar-hussain (not a profile).","site:linkedin.com/in ""Ummar Hussain"" Kashmir Broadband | site:linkedin.com/in ""Ummar Hussain"""
Entrepreneur - Founder,271,Yashfa Zaman,Not found - no verifiable public LinkedIn profile,,,"Round 2: Query on first name + org (to also catch the 'Yousafzai' surname from the email) returned only other Yashfas: Yashfa Sualeh (Lahore), Yashfa Noor (Asr Education & Welfare Trust), Yashfa Kamran (Islamabad). None mention Eleve Essence, Zaman or Yousafzai.","site:linkedin.com/in Yashfa ""Eleve Essence"""
Entrepreneur - Founder,272,Yasir Shamim,Not found - no verifiable public LinkedIn profile,,,"Round 2: No LinkedIn results returned; only unrelated Wikipedia/other pages (Asad Shamim, Yasir Shah, Andrew Shaw Painting, etc.).","site:linkedin.com/in ""Yasir Shamim"" Andrew Paints"
Entrepreneur - Founder,277,Zahid Lilani,Not found - no verifiable public LinkedIn profile,,,"Round 1: No Zahid Lilani LinkedIn result appeared. WebFetch of the prior lead zahidlilani.com failed on DNS lookup (EAI_AGAIN). A manual visit to zahidlilani.com may show his LinkedIn link. || Round 2: Summary confirms Zahid Lilani is a San Francisco-based tax professional (Tax Supervisor at BPM; ex-KPMG, Armanino, Academy of Art University; freelance startup tax advisor), but no linkedin.com/in/ URL for him appeared in either Links list (first: zahidlilani.com, facebook.com/zahidlilani, rocketreach, unrelated tax profiles; second, clean site:linkedin.com/in query: only Zahid Lalani - Northern Texas Facial and Oral Surgery, a different person in Dallas). WebFetch of zahidlilani.com failed (DNS EAI_AGAIN).","site:linkedin.com/in (""Naeem Naz"" OR ""Tariq Atiullah"" OR ""Razaullah Durrani"" OR ""Zahid Lilani"") | ""Zahid Lilani"" LinkedIn San Francisco tax | site:linkedin.com/in ""Zahid Lilani"""
Entrepreneur - Founder,281,Zeeshan Hussain,Not found - no verifiable public LinkedIn profile,,,"Round 1: I ran out of search budget before this row. || Round 2: Common name; 10 'Zeeshan Hussain' profiles returned (Morningstar, ARC3 Venture, freelancer, Indra, Akbar grinding mill, Sidley Austin, Z Research, Branch, FC Dallas, Purdue). None mention Stingray Technologies, marine technology, or a General Manager role.","site:linkedin.com/in ""Zeeshan Hussain"" Stingray Technologies"
Incubator - Accelerator,6,Ahmer Rafi,Not found - no verifiable public LinkedIn profile,,,Round 1: A combined OR query with IST returned other IST staff profiles but none for Ahmer Rafi. The summary only said he is mentioned as part of the IST team.,"site:linkedin.com/in (""Hamid Saleem"" OR ""Ahmer Rafi"") ""Institute of Space Technology"" OR IST Islamabad"
Incubator - Accelerator,15,Dr. Amir Rashid Chaudhary,Not found - no verifiable public LinkedIn profile,,,Round 1: Combined COMSATS query (with row 143). No Amir Rashid / Amir Rashid Chaudhary(Chaudhry) LinkedIn profile came back; the results were Wikipedia pages and one unrelated 'Noreen Sher Akbar' profile.,"site:linkedin.com/in (""Amir Rashid"" OR ""Sher Akbar"") COMSATS"
Incubator - Accelerator,16,Arrij Zahra,Not found - no verifiable public LinkedIn profile,,,"Round 1: Only the PAF-IAST company page (/company/paf-iast) and general institution pages came back. No personal /in/ URL for Arrij Zahra appeared, so the profile-existence lead from the earlier pass is still unresolved.","""Arrij Zahra"" Pak-Austria Fachhochschule Business Incubation LinkedIn"
Incubator - Accelerator,19,Emmad Ahsan,Not found - no verifiable public LinkedIn profile,,,"Round 1: The summary confirms he is Senior GM / Director at NSTP. The Links list held only the NSTP company page, posts by Yaruq Nadeem and Humaira S., and other NSTP staff (Humaira Sajjad, Amer Sheikh). No Emmad Ahsan /in/ URL or self-authored post appeared. || Round 2: No /in/ profile for Emmad Ahsan in Links. Summary says he is referenced (as Senior GM at NSTP) on other people's LinkedIn pages/posts (e.g. Engineer Amer Sheikh - NUST /in/amerssheikh/; Humaira S. - National Science & Technology Park /in/humaira-sajjad-nstp/), but these are other people's profiles, not his.","""Emmad Ahsan"" NUST Innovation Incubation LinkedIn | site:linkedin.com/in ""Emmad Ahsan"""
Incubator - Accelerator,20,Dr. Haider Khalil,Not found - no verifiable public LinkedIn profile,,,"Round 1: No accepted match. Used a different variant from the prior pass (Haripur + incubation/university, LinkedIn only). The only relevant hit was 'syed haider khalil - Assistant Professor - Abdul Wali Khan University Mardan' https://www.linkedin.com/in/syed-haider-khalil-a8429480/ (PhD Management, University of York). That is a different org and city with no PAF-IAST or BIC evidence, so it was not accepted. 'Haider Khalil Khan - Gujranwala' and 'Khalil Haider - Seek Chem' are unrelated. PAF-IAST pages are .edu.pk and cannot be fetched.","""Haider Khalil"" OR ""Sikandar"" Haripur incubation OR university [allowed_domains=linkedin.com]"
Incubator - Accelerator,24,Kamran Taufiq Khan,Not found - no verifiable public LinkedIn profile,,,"Round 2: Only a LinkedIn pulse article by 'Kamran Taufiq Khan' (/pulse/leveraging-ai-effective-product-management-kamran-taufiq-khan; pulse, not a profile, slug not derivable). Other results were unrelated 'Kamran Khan' profiles (AWS, Google, KAM AI Group NYC, Dallas Mavericks etc.), none tied to NIC Islamabad.","""Kamran Taufiq Khan"" LinkedIn"
Incubator - Accelerator,29,Mahnoor Sohail,Not found - no verifiable public LinkedIn profile,,,"Round 1: Eight 'Mahnoor Sohail' profiles came back (Student at uog; Burgeoning Technologies x2; BEECHTREE; Lahore; Brooklyn NY; Colliers; Rici Melion). None mentions InnoVentures Global or STEMx. Common name, so none accepted.","site:linkedin.com/in ""Mahnoor Sohail"" InnoVentures STEMx"
Incubator - Accelerator,33,Muhammad Aatif Saif Khan,Not found - no verifiable public LinkedIn profile,,,"Round 1: I used a different variant from the prior query (no site filter, plus the Atif spelling). The only near-name LinkedIn result was 'Atif Saif - Etisalat Services Holding' (linkedin.com/in/atifsaif/, Dubai), which has no FAST-NUCES/ORIC/Islamabad tie, so I rejected it. The other links were unrelated Atif Khans (Mumbai, London, San Jose, Wisconsin).","""Aatif Saif Khan"" OR ""Atif Saif Khan"" LinkedIn"
Incubator - Accelerator,35,Muhammad Ishaq,Not found - no verifiable public LinkedIn profile,,,"Round 1: I searched PMAS-AAUR together with Imran Yousuf. No Muhammad Ishaq or ORIC/BIC profile came back, only other UAAR staff (Asif Ahmad, Syeda Iram Umer, Mukhtar Ahmed) and university/UIIT pages.",Imran Yousuf Muhammad Ishaq PMAS Arid Agriculture University Rawalpindi [allowed_domains=linkedin.com]
Incubator - Accelerator,40,Rana Muhammad Ayaz Yousaf,Not found - no verifiable public LinkedIn profile,,,"Round 1: Full-name variant without site filter (prior pass already tried site:linkedin.com/in ""Ayaz Yousaf"" FAST NUCES ORIC). Only loose name matches came back: 'Yousaf Rana - Govt. College of Science Wahdat Road, Lahore' and 'Rana Yousaf - Pakistan', with no Ayaz, FAST-NUCES or ORIC tie. Neither accepted.","""Rana Muhammad Ayaz Yousaf"" OR ""Rana Ayaz Yousaf"" LinkedIn"
Incubator - Accelerator,42,Dr. Rizwan Riaz,Not found - no verifiable public LinkedIn profile,,,"Round 2: No /in/ profile for Rizwan Riaz returned. Results only confirm the role from non-LinkedIn sources (Google Scholar ""Dr Rizwan Riaz""; Pro-Rector RIC NUST since Apr 2021, ex-Principal RCMS NUST, PhD Manchester, USAF Academy grad). LinkedIn links were NUST Alumni Network, Prof. Dr. Rizwan Ashraf (NSHS) and a NUST post - none are him.","""Rizwan Riaz"" Pro-Rector NUST LinkedIn"
Incubator - Accelerator,53,Dr. Suhail Javed Ch.,Not found - no verifiable public LinkedIn profile,,,"Round 1: The only results were Suhail Javed (Team leader at Bisnode SME, Oslo) and Suhail Javed (EPACK PREFAB / Digital Performance Marketing Consultant, Delhi, /in/suhailjaved/). Neither is linked to COMSATS, ORIC or TISC. Variants not yet tried: 'Suhail Javed Chaudhry' and 'Suhail Javaid' COMSATS.","site:linkedin.com/in ""Suhail Javed"" COMSATS"
Incubator - Accelerator,61,Zain Najeeb,Not found - no verifiable public LinkedIn profile,,,"Round 1: The search budget ran out before this row. The prior search (site:linkedin.com/in ""Zain Najeeb"" NSTP) found only a UAE Al Futtaim Zain Najeeb. Next variants to try: ""Zain Najeeb"" TechOne, or ""Zain Najeeb"" NUST marketing LinkedIn (no site: filter). || Round 2: No LinkedIn profile link for him came back in three variants. (1) The no-site query linked only /in/zain-najeeb-12771528/ (Al Futtaim Automotive Leasing, UAE; the prior non-match), /in/m-zainnajeeb/ (Tesla) and Zain A. profiles. Its summary (from NSTP newsroom / NUST directory pages) said Zain Najeeb is Head of Marketing NSTP & TechOne, NUST Islamabad, and appears as 'Zayn Najeeb Qureshi'. (2) 'Zayn Najeeb' NSTP again gave only the Tesla and Al Futtaim profiles plus other NSTP/NUST staff (Yaruq Nadeem, Amer Sheikh, Farhan Salik). Its summary said 'Zayn N. Qureshi' is in NSTP senior leadership. (3) 'Zayn N. Qureshi' surfaced only a post on Engineer Amer Sheikh's profile (/in/amerssheikh/) that mentions him, and no profile URL of his own. Possible display name for a future pass: 'Zayn N. Qureshi' / 'Zayn Najeeb Qureshi'.","""Zain Najeeb"" TechOne NUST marketing LinkedIn | site:linkedin.com/in ""Zayn Najeeb"" NSTP | site:linkedin.com/in ""Zayn N. Qureshi"""
Industrialist - Government,9,Adeel Aijaz Shaikh,Not found - no verifiable public LinkedIn profile,,,"Round 1: News items (ProPakistani, TechChacho) and a YouTube video ('Adeel A. Shaikh - General Manager Corporate Affairs, Ignite') confirm his role, but the only LinkedIn links were Ignite's company page (/company/ignitentf). There was no personal /in/ URL. Next variant to try: site:linkedin.com/in ""Adeel A. Shaikh"". || Round 2: The summary confirms Adeel Aijaz Shaikh was CEO (Acting Charge) of Ignite National Technology Fund, Islamabad, but no listed /in/ URL is tied to Ignite. The Adeel Shaikh profiles returned were all other people (Sukkur IBA University, Fuzzitech, The Forum Mall, My New Bakery, Self-Employed, Ibex Global Tours, Amex, Umair Corporation, Spectrum).","""Adeel Aijaz Shaikh"" OR ""Adeel Shaikh"" Ignite National Technology Fund LinkedIn | site:linkedin.com/in ""Adeel Shaikh"" Ignite Islamabad"
Industrialist - Government,10,Afsheen Iftikhar,Not found - no verifiable public LinkedIn profile,,,Round 1: I combined this name with Amna Masood in one OR query. No Afsheen Iftikhar profile came back.,"site:linkedin.com/in (""Amna Masood"" OR ""Afsheen Iftikhar"") (MavenLogix OR P@SHA OR ""Software Houses"")"
Industrialist - Government,14,Air Cdre Ali Atta,Not found - no verifiable public LinkedIn profile,,,"Round 2: Results: various 'Ali Atta' profiles (Egypt self-employed, IT Manager Majid Al Futtaim, Vital Care Pharmacy, 3-D Matrix ME Regional Manager, IBM/Redhat tech lead, Dr. Ali Atta CAMS - Al Nahrain Islamic bank, Muhammad Ali Atta - Alphabridge). None mention NASTP, PAF or Air Commodore rank - rejected.","site:linkedin.com/in ""Ali Atta"" NASTP"
Industrialist - Government,15,Air Cdre Amir Azeem,Not found - no verifiable public LinkedIn profile,,,"Round 1: The search returned only other NASTP/PAF staff profiles (Abrar Hafiz, Syed Hameed Asghar, Asad Zubair, Zain A., Qamar Majeed and others) and 'Azeem Zahid'. There was no profile for Amir Azeem.","site:linkedin.com/in ""Amir Azeem"" (NASTP OR ""Pakistan Air Force"" OR aerospace)"
Industrialist - Government,16,Air Cdre Irteza,Not found - no verifiable public LinkedIn profile,,,"Round 1: Only unrelated Irteza profiles came back: 'Irteza Syed - Bloomberg LP' (New York), 'Syed Mohammad Irteza - National Institute of Technology' (Lahore), 'Irteza Fayaz - Indian Institute of Technology Gandhinagar', 'Anse Irteza - Mashreq' and 'Syed Irteza Md. Moinuddin - MS student at Baruch College'. None is tied to NASTP or the PAF (Air Commodore). Rejected.","site:linkedin.com/in ""Merai Syed"" OR Irteza NASTP"
Industrialist - Government,17,Air Cdre Salman Aslam,Not found - no verifiable public LinkedIn profile,,,"Round 1: The search budget (15) ran out before this row could be searched. || Round 2: Ten Salman Aslam profiles returned (Sr Software Engineer, Omnicore Healthcare Marketing, Karachi, MSA Group, US Dept of Veterans Affairs, Bake House, CEO at Clustox, Leidos, Irish College of GPs, self-employed PM). None mentions NASTP, the PAF or an Air Commodore rank.","site:linkedin.com/in ""Salman Aslam"" NASTP"
Industrialist - Government,19,Air Cdre Tauseef,Not found - no verifiable public LinkedIn profile,,,"Round 2: No Air Commodore Tauseef found. NASTP-linked results were 'Syed Tauseef Haider - Islamabad' (Design Engineering Intern, ASD Division NASTP, 2024) and 'Tauseef Muhammad Ismail - PMP - Senior Project Manager - Mazik Global' (only posted about the NASTP Karachi inauguration). Neither matches an Air Cdre / NASTP partner. Only a first name is known, so a match can't be accepted.",site:linkedin.com/in Tauseef NASTP
Industrialist - Government,26,AVM Amir Hayat,Not found - no verifiable public LinkedIn profile,,,"Round 1: The only near matches were Muhammad Amir Hayat (Embassy of Pakistan, Islamabad, 138 connections) and Aamir Hayat (Pakistan, aamir023). Neither shows a PAF Air Vice Marshal or PIA role.","site:linkedin.com/in (""Amanullah Qureshi"" OR ""Amir Hayat"") PIA"
Industrialist - Government,27,Anas Ali Khan,Not found - no verifiable public LinkedIn profile,,,"Round 1: Ten different Anas Ali Khan profiles came back (Birdeye, Diligente, KPMG, Noetic Technologies, AMB Interactive, Lamar University, among others). None mentions Cymax or a head-of-marketing role in Islamabad. The name is common, so none was accepted.","site:linkedin.com/in ""Anas Ali Khan"" Cymax"
Industrialist - Government,31,Asmat Ullah Tareen,Not found - no verifiable public LinkedIn profile,,,"Round 1: No LinkedIn /in/ result. The only hit was a ZoomInfo entry for 'Asmat Tareen' (email at mulphico.pk; summary says QA Inspector/ISO Coordinator at a pharmaceutical company), with no PSEB tie. Not accepted.","site:linkedin.com/in Asmat Tareen ""Software Export Board"""
Industrialist - Government,34,Col (R) M. Ayub,Not found - no verifiable public LinkedIn profile,,,"Round 1: Search cap of 15 reached before this row was searched. || Round 2: None of the Ayub profiles returned mentions NETC or a military rank. They include Muhammad Ayub (GM, NTDC Islamabad, a different org), Mohammad Ayub (ADNOC), a self-employed consultant, and others at Envision Energy, NUST and Strathclyde.","site:linkedin.com/in Ayub ""National Energy & Transport Corporation"""
Industrialist - Government,42,Farrukh Awais,Not found - no verifiable public LinkedIn profile,,,"Round 1: No exact 'Farrukh Awais' profile came back. 'M Farrukh - Team Manager at Samsung Electronics America' (/in/m-farrukh-b0a893204/) is located in Lahore and does not show the name Awais or a Director of Sales/BD role, so I did not accept it. 'Awais Farrukh Shamim' is at Qatar Airways and does not match.","site:linkedin.com/in (""Mamoona Amir"" OR ""Farrukh Awais"") (Callmasters OR Samsung) | site:linkedin.com/in ""Farrukh Awais"" Samsung"
Industrialist - Government,46,Firoz Lalji,Not found - no verifiable public LinkedIn profile,,,"Round 1: The search budget (15) ran out before this row could be searched again. The earlier pass found only an unrelated Firoz Lalji (Team 3000 Realty). || Round 2: Identity confirmed (Firoz H. Lalji, co-founder/Chairman and former CEO of Zones LLC; LSE alumnus) via Equilar, Crunchbase, NMSDC, zones.com leadership page, LSE - but no linkedin.com/in URL appeared in the Links list. Prior round only found an unrelated Firoz Lalji (Team 3000 Realty). Slug not guessed.","""Firoz Lalji"" Zones Chairman CEO LinkedIn"
Industrialist - Government,47,Gp Capt Qasim,Not found - no verifiable public LinkedIn profile,,,"Round 1: The search budget ran out before this row. Only a first name and rank are known. Suggested query: site:linkedin.com/in Qasim NASTP ""Group Captain"". || Round 2: Results listed many NASTP staff profiles (Qamar Majeed, Abrar Hafiz, Javeria Naseem, Muhammad Usman, Zain A., Waqar Hameed, Abdullah Asghar, Sidra Jabeen, Ahmer Ali), but none named Qasim and none a Group Captain. The row has only a first name and rank.",site:linkedin.com/in Qasim NASTP National Aerospace Science Technology Park
Industrialist - Government,48,Group Captain Amir,Not found - no verifiable public LinkedIn profile,,,"Round 2: Searched for an Amir who is CIO at NASTP (going by the cio@nastp.gov.pk email). Results were unrelated Amirs who are CIOs abroad (AMI Iran, Optum/Minnesota, Slalom Houston, FAA). No NASTP or PAF Group Captain profile appeared. The row has only a first name, so there is nothing more to match on.","site:linkedin.com/in Amir NASTP ""Chief Information Officer"""
Industrialist - Government,49,Group Captain Babar,Not found - no verifiable public LinkedIn profile,,,"Round 2: Search dropped the site: filter and returned only cricket (Babar Azam) / Wikipedia pages; no LinkedIn profile links. Summary only mentioned Air Cdre Liaquat Ullah Iqbal as NASTP CEO; nothing on a Group Captain Babar / Director ATS. First name unknown, so no further identification possible.","site:linkedin.com/in Babar NASTP Director ""Group Captain"""
Industrialist - Government,52,Haseeb Ashraf,Not found - no verifiable public LinkedIn profile,,,Round 1: This combined query returned no Haseeb Ashraf profile and no iPOS-related result.,"site:linkedin.com/in (""Haseeb Ashraf"" OR ""Bilal Mahmood"") (iPOS OR ""Contour Software"")"
Industrialist - Government,58,Iskander Khwaja,Not found - no verifiable public LinkedIn profile,,,"Round 1: The query returned no LinkedIn profiles, only Wikipedia noise.","site:linkedin.com/in (""Neelma Islam"" OR ""Amber Zaheer"" OR ""Iskander Khwaja"")"
Industrialist - Government,60,Javeria Shafaq,Not found - no verifiable public LinkedIn profile,,,"Round 1: No match. The LinkedIn-only query (Javeria + PIA/Astrik) returned no links at all; the OR parse probably failed. The prior pass also found nothing for the exact name. Not retried because the budget was exhausted. || Round 2: Search dropped the site: filter; no LinkedIn profile links returned. theorg.com pages for Astrik (creative digital agency, Karachi) list VPs Muhammad Rehan, Daniyal Shakeel, Ali Memon, Arbab Ali, Zain Imran, Annus Oza - no Javeria. Other Javeria VPs found (Javeria Ahmed - Sister Cities Intl, Javeria Kaleem - Onex, Javeria Shahab - Lockwood) are unrelated to Astrik.","""Khurram Mushtaq"" OR Javeria PIA OR Astrik [allowed_domains=linkedin.com] | site:linkedin.com/in Javeria Astrik Vice President"
Industrialist - Government,62,Khawaja Rizwan Babar,Not found - no verifiable public LinkedIn profile,,,"Round 1: Only other Scraperrs staff came back (Bilal Sagheer Awan, Ali Mubashar Butt). There was no Rizwan Babar profile.","site:linkedin.com/in (""Rizwan Babar"" Scraperrs) OR (""Wasim Khokhar"" Czech)"
Industrialist - Government,64,Khurram Mushtaq,Not found - no verifiable public LinkedIn profile,,,"Round 1: No match. The LinkedIn-only query (Khurram Mushtaq + PIA) returned no links at all; the OR parse probably failed, so this row was only weakly covered. Not retried because the budget was exhausted. Next variant: site:linkedin.com/in ""Khurram Mushtaq"" ""Pakistan International Airlines"". || Round 2: Dedicated query returned only other PIA staff (Bakhtawar Shaikh, Syed Haris Shah, Waqas Ahmad Mirza, Muhammad Bilal Aslam - all 'Pakistan International Airlines') and Mehwish Mushtaq (Emirates). The summary mentions a post calling a 'Mr. Khurram' PIA's COO, which may be this person, but no Khurram Mushtaq /in/ link appeared.","""Khurram Mushtaq"" OR Javeria PIA OR Astrik [allowed_domains=linkedin.com] | site:linkedin.com/in ""Khurram Mushtaq"" ""Pakistan International Airlines"""
Industrialist - Government,69,AVM Dr. Liaqat Ullah Niazi,Not found - no verifiable public LinkedIn profile,,,"Round 1: No match. LinkedIn-only results were the NASTP company pages and NASTP staff profiles (Zain A., Javeria Naseem, Abrar Hafiz, Zar Afshan, Muhammad Farhan Alam). There was no Niazi, Liaqat or Liaquatullah profile.",site:linkedin.com/in Niazi NASTP Aerospace Science Technology Park [allowed_domains=linkedin.com]
Industrialist - Government,71,M. Hammad Bashir,Not found - no verifiable public LinkedIn profile,,,"Round 1: Only a combined org-only query was run, and it returned no LinkedIn links at all. A dedicated query is still worth trying: site:linkedin.com/in ""Hammad Bashir"" Nouveau. || Round 2: Six Hammad Bashir profiles came back, none mentioning Nouveau Energy: a graphic designer at Mehboob Steel Traders, Amazon (/in/mhammadbashir/; the slug resembles 'M. Hammad Bashir' but nothing ties it to Nouveau, so it is not accepted), a generic 'Pakistan' profile (/in/hammad-bashir-3107879/), Mississauga Canada, Chroma, and Teradata QA. The summary confirmed that no snippet contained 'Nouveau'.","site:linkedin.com/in (Devsiom OR ""Siber Koza"" OR ""Nouveau Energy"" OR ""Shahnawaz Associates"") | site:linkedin.com/in ""Hammad Bashir"" Nouveau"
Industrialist - Government,74,M. Sohail Anjum,Not found - no verifiable public LinkedIn profile,,,"Round 1: The search returned 10 Sohail Anjum profiles (Mitac, i2c, HCLTech, NBP Funds, Shorts International, YKNP, Anjumjs design, daily nineoclock), none tied to NRTC. 'Sohail Anjum - Islāmābād, Pakistan' (sohail-anjum-b4b6558b) shows no org, so I did not accept it.","site:linkedin.com/in ""Sohail Anjum"" (NRTC OR ""National Radio Telecommunication Corporation"")"
Industrialist - Government,75,Mahnoor Suhail,Not found - no verifiable public LinkedIn profile,,,Round 1: No own profile came back. Mahnoor Suhail is mentioned only in activity on another person's profile (Syed Farhan Haider - EY).,"site:linkedin.com/in ""Mahnoor Suhail"" P@SHA"
Industrialist - Government,77,Mansoor,Not found - no verifiable public LinkedIn profile,,,"Round 2: Results were various Mansoors (Mansoor Nawaz - CEO OMedia+ OOH; Mansoor Niazi CTO; Mansoor Hussain - National Polymers; Mansoor A. Khan - AMK ADS, etc.). None show CMO at NASTP. Summary loosely linked Mansoor Nawaz to the 'NASTP ecosystem' but contradicted his title (said Senior Site Architect at NEC) and explicitly said no result shows CMO at NASTP - rejected. Single first name only, so identity cannot be established without explicit org+role.","site:linkedin.com/in Mansoor ""Chief Marketing Officer"" NASTP"
Industrialist - Government,78,Merai Syed,Not found - no verifiable public LinkedIn profile,,,Round 1: Combined query (with row 16). No 'Merai Syed' profile came back; the only Syed results were Irteza profiles unrelated to TBS.,"site:linkedin.com/in ""Merai Syed"" OR Irteza NASTP"
Industrialist - Government,80,Mohammad Wasim Khokhar,Not found - no verifiable public LinkedIn profile,,,"Round 1: The only result was https://www.linkedin.com/in/wasimkhokhar/ (Technical Manager at Shelby County, US). Nothing ties it to the Czech-Pakistan Joint Chamber of Commerce, so it was rejected.","site:linkedin.com/in (""Rizwan Babar"" Scraperrs) OR (""Wasim Khokhar"" Czech)"
Industrialist - Government,84,Muhammad Hamza Sarosh,Not found - no verifiable public LinkedIn profile,,,"Round 1: The combined RCCI query returned the RCCI company pages and profiles for Usman Shaukat, Chaudhry Jamil and Parvez Abbasi. No Hamza Sarosh profile appeared; the summary only restated his SVP role at RCCI, with no link.",Hamza Sarosh Usman Shaukat Rawalpindi Chamber of Commerce and Industry [allowed_domains=linkedin.com]
Industrialist - Government,85,Muhammad Kashif Saleem,Not found - no verifiable public LinkedIn profile,,,"Round 1: No LinkedIn profiles came back. The OR clause pulled in only Wikipedia pages about 'Mumtaz'. A later pass could retry with: site:linkedin.com/in ""Kashif Saleem"" ""Mumtaz Technologies"" (no OR). || Round 2: Neither Kashif Saleem profile returned mentions Mumtaz Technologies or Rawalpindi. One is ""Kashif Saleem - TrailFive Technologies LLC"" (pk.linkedin.com/in/mcashifsaleem, Islamabad). The other is ""Muhammad Kashif Saleem MBA, PMP X Tawal Pak, X Huawei, X Jazz - Project Manager - EZY Group of Companies"" (linkedin.com/in/kashifsaleem, Lahore).","site:linkedin.com/in ""Kashif Saleem"" ""Mumtaz Technologies"" OR Mumtaz Rawalpindi | site:linkedin.com/in ""Kashif Saleem"" ""Mumtaz Technologies"""
Industrialist - Government,86,Nasir Mansoor Qureshi,Not found - no verifiable public LinkedIn profile,,,"Round 1: No LinkedIn profiles came back, only Wikipedia pages (Nasir Hussain Qureshi, etc.) and an unrelated IndiaMart 'Paramount Global Trade' page. No tie to Paramount Pharmaceuticals, Islamabad.","site:linkedin.com/in Nasir Qureshi ""Paramount Pharmaceuticals"""
Industrialist - Government,88,Nausherwan Adil,Not found - no verifiable public LinkedIn profile,,,"Round 2: Ambiguous: two distinct profiles both tied to PIA. (a) 'Nausherwan Adil - General Manager - PIACL' https://www.linkedin.com/in/nausherwan-adil-2a98b2145/ (summary: GM at PIACL, Gujranwala); (b) 'Nausherwan Adil - Pakistan International Airlines' https://www.linkedin.com/in/nausherwan-adil-a1878a41/ (66 connections). A third, 'Nausherwan Adil - Senior Executive Vice President at National Bank of Pakistan' https://www.linkedin.com/in/nausherwan-adil-27258b1a/ (summary loosely mentions GM Passenger Sales at PIA, Karachi). Row has no designation/city to disambiguate, so not accepted.","site:linkedin.com/in ""Nausherwan Adil"" PIA"
Industrialist - Government,93,Qaiser Rasheed,Not found - no verifiable public LinkedIn profile,,,"Round 1: Searched by role plus full org name (prior pass already tried site:linkedin.com/in ""Qaiser Rasheed"" Ignite). The only Ignite National Technology Fund person returned was 'Muhammad Umer Akram - Ignite - National Technology Fund', a different person. The Rasheed CFO results ('Ateeque Rasheed-FCA - CFO', 'Alaa Rasheed - Group chief financial officer', 'Rasheed Mutairu FCA, MBA', 'Sháka Rasheed - Open Opportunity Fund') have no Ignite tie. None accepted.","site:linkedin.com/in ""Chief Financial Officer"" Ignite ""National Technology Fund"" Rasheed"
Industrialist - Government,99,Rashid Mehmood,Not found - no verifiable public LinkedIn profile,,,"Round 2: 10 Rashid Mehmood profiles returned (PepsiCo, Neways Electronics, sales specialist, Hill International, biotech graduate, Catwalk, procurement, Ministry of Energy, YASREF, Amreli Steels); none mention App In Snap or a Chief Business Officer role.","site:linkedin.com/in ""Rashid Mehmood"" ""App In Snap"""
Industrialist - Government,101,Riaz ul Hassan,Not found - no verifiable public LinkedIn profile,,,"Round 2: ZoomInfo (https://www.zoominfo.com/p/Riaz-Hassan/2400881266) confirms the person: 'Riaz Hassan', Vice President, Service Offering, Strategy & Product Management at Volvo Group, Gothenburg, Sweden (since 2017), previously Global Director, Services Engagement (Middle East) at Ericsson. But no LinkedIn /in/ link tied to Volvo appeared in either search. The site-filtered 'Riaz Hassan' Volvo query returned only unrelated profiles: 'Riaz Hassan - Stockholm, Stockholm County, Sweden' (/in/riaz-hassan-a029001b7/, a packaging/procurement specialist per the summary, no Volvo or VP role shown), plus Q LINK Holdings, ITS, Air University, Flinders University, UCL, etc. Not accepted.","""Riaz Hassan"" Volvo Group ""Service Offering"" LinkedIn | site:linkedin.com/in ""Riaz Hassan"" Volvo"
Industrialist - Government,103,Rushd Ilyas,Not found - no verifiable public LinkedIn profile,,,"Round 1: The combined OR query returned no LinkedIn profile for 'Rushd Ilyas'. Variant not yet tried: ""Rushd Ilyas"" Tesla (no site: filter). || Round 2: No /in/ link for Rushd Ilyas. LinkedIn hits were other Tesla employees named Ilyas (/in/ilyasskure/ 'Ilyas K. - Tesla', /in/ilyas-khan-m-s-bbaa4513a/ 'Ilyas Khan, M.S. - Tesla'), who are different people. ZoomInfo lists Rushd Ilyas as Firmware Hardware Engineer at VersaMe Inc and later Electrical Engineer at Tenergy Corporation, with no Tesla tie in the results.","site:linkedin.com/in (""Faiser Shabbir"" OR ""Saad Soban"" OR ""Rushd Ilyas"") | ""Rushd Ilyas"" Tesla LinkedIn"
Industrialist - Government,104,Saad Latif,Not found - no verifiable public LinkedIn profile,,,"Round 2: Results were other Saad Latifs (Petrosin Group, Lloyd Motor Group, Flowcart, Enablers, General Motors, M&C Saatchi, etc.); none tied to 10Agrow Technologies or a commercial-operations director role.","site:linkedin.com/in ""Saad Latif"" 10Agrow"
Industrialist - Government,105,Saboohi Hussain,Not found - no verifiable public LinkedIn profile,,,"Round 1: The combined OR query returned no Saboohi Hussain profile, only an unrelated 'sabuj hussain - MBC'. Variant not yet tried: ""Saboohi Hussain"" RWCCI (no site: filter). || Round 2: No LinkedIn link for her came back. Results were ZoomInfo pages (Saboohi Hussain, rawalpindi.wcci.pk email), RWCCI site pages (About, Our Team, Home), an FPCCI PDF and a LeadPakistan news item. The summary says she was RWCCI President for 2023-2024 and earlier Senior Vice President, which confirms identity but gives no profile. The summary also mentioned linkedin.com/in/rawalpindi-wcci-66aa2616a, but that appeared only in prose, not as a result link, and it is the chamber's own account, not her personal profile.","site:linkedin.com/in (""Shariq Thanvi"" OR ""Saboohi Hussain"") | ""Saboohi Hussain"" Rawalpindi Women Chamber RWCCI LinkedIn"
Industrialist - Government,107,Sakib Rafik,Not found - no verifiable public LinkedIn profile,,,"Round 2: No profile for Sakib Rafik. Only LinkedIn hit was another person's profile (/in/rajaomeriqbal/, Raja Omer Iqbal) whose activity mentions a reception for 'President RCCI Sakib Rafik'. That confirms the role but gives no URL for him. The rest were Wikipedia pages.","site:linkedin.com/in ""Sakib Rafik"" Rawalpindi"
Industrialist - Government,110,Salman Farooqi,Not found - no verifiable public LinkedIn profile,,,Round 1: I ran out of search budget before this row. || Round 2: About ten Salman Farooqi profiles came back (Ravi Green Engineering; Dynamics Solution and Technology (sa.); Bionic Films; Stopstyle; FGG; HBL AMC; Kohler; TrueDevs; Union Fabrics). None mention Dimentric Tech Solutions or a CMO/marketing role.,"site:linkedin.com/in ""Salman Farooqi"" Dimentric"
Industrialist - Government,113,Saquib Malik,Not found - no verifiable public LinkedIn profile,,,"Round 1: Only Saquib Farooq Malik (Al Tamimi & Company, UAE, information security) and Mohammed Saquib Malik (ModulusTech, Karachi) came back. Neither is tied to Geo News.","site:linkedin.com/in ""Saquib Malik"" Geo"
Industrialist - Government,121,Syed Hira Bukhari,Not found - no verifiable public LinkedIn profile,,,"Round 2: The only LinkedIn profile was ""hira bukhari - Student at university of karachi,mathematics"" (https://www.linkedin.com/in/hira-bukhari-8bb02972/). Nothing ties it to the U.S. Embassy or Islamabad. The other results were Wikipedia embassy pages.","site:linkedin.com/in ""Hira Bukhari"" U.S. Embassy Islamabad"
Industrialist - Government,122,Syed Shoaib Ahsan,Not found - no verifiable public LinkedIn profile,,,"Round 1: The search budget (15) ran out before a dedicated query for this row. || Round 2: No result mentions Technolecuals. Possible lead (unconfirmed): /in/syedshoaibahsan/ 'Shoaib Ahsan - Firaasa' - slug matches full name 'Syed Shoaib Ahsan' but current org Firaasa, no Technolecuals/Karachi/role tie, so name-only match - rejected. Other Shoaib Ahsans: Convex Interactive, SAB Studio Islamabad CEO, Database Administrator, PMP project engineer (NNUC).","site:linkedin.com/in ""Shoaib Ahsan"" Technolecuals"
Industrialist - Government,133,Vaseem Anvar,Not found - no verifiable public LinkedIn profile,,,Round 1: A combined OR query returned no Vaseem Anvar LinkedIn profile.,"site:linkedin.com/in (""Ammar Ghory"" OR ""Vaseem Anvar"" OR ""Shahzad Umer"")"
Industrialist - Government,134,Waleed Bin Haroon,Not found - no verifiable public LinkedIn profile,,,"Round 1: The combined OR query returned no LinkedIn profile for Waleed Bin Haroon; only the Nabeel Saqib half matched. Variant not yet tried: 'Waleed Haroon' DigUp AI. || Round 2: Search dropped the site: filter - only unrelated Wikipedia pages (Haroon surnames, Dawn Media Group, Ureed). No LinkedIn profile for Waleed (Bin) Haroon / DigUp AI in Links.","site:linkedin.com/in (""Waleed Bin Haroon"" OR ""Nabeel Saqib"") | site:linkedin.com/in ""Waleed Haroon"" DigUp"
Industrialist - Government,135,Wg Cdr Mehmood,Not found - no verifiable public LinkedIn profile,,,"Round 1: I ran out of search budget before this row. The row gives only a single name, so it would be hard to verify. || Round 2: No Mehmood profile tied to NASTP. LinkedIn hits were unrelated Wing Commanders (Indian S. Harshavardhan, PK Gupta - UPES) and a Bangladesh AF Group Captain. Summary mentions Mohsin Mahmood (Air Marshal, DG Development NASTP), but he is a different rank, has no profile URL, and cannot be identified with 'Wg Cdr Mehmood'. With only a single name available, this row cannot be identified.","site:linkedin.com/in Mehmood ""Wing Commander"" NASTP"
Industrialist - Government,136,Yasir Hassan Maken,Not found - no verifiable public LinkedIn profile,,,"Round 2: No Yasir Maken profile was in either result set. The site: query returned only general Teradata pages. The query without site: returned other Teradata people: Yasir Javed (Faisalabad), Yasir Fayyaz (Brierley Hill, England), Waiz Shah and the Teradata company page. None matches the name Maken.","site:linkedin.com/in ""Yasir Maken"" Teradata | ""Yasir Maken"" Teradata Pakistan LinkedIn"
Industrialist - Government,138,Zakaria Rizvi,Not found - no verifiable public LinkedIn profile,,,"Round 1: Search cap of 15 reached before this row was searched. || Round 2: LEAD (unconfirmed): /in/zakaria-rizvi-ba72a537/ titled ""Zakaria Rizvi - Senior Fund Officer (Finance Coordinator) - Palladium Pakistan Pvt Ltd."" Exact name, based in Islamabad. Experience includes Program Assistant on USAID Small Grants & Ambassador's Fund Program (2012-2015). Both searches confirm the profile but neither shows employment at the U.S. Embassy; the follow-up summary says so explicitly. The current employer (Palladium) differs from the row org, so the strict employer rule blocks acceptance. A second, unrelated profile also appeared: /in/zak-rizvi-095601215/ (""Zak Rizvi"", UK/New York).","site:linkedin.com/in ""Zakaria Rizvi"" Embassy Islamabad | ""Zakaria Rizvi"" ""U.S. Embassy"" LinkedIn"
Industrialist - Government,140,Zeeshan Shah,Not found - no verifiable public LinkedIn profile,,,"Round 1: Only a combined org-only query was run, and it returned no LinkedIn links at all, so the query itself probably failed. A dedicated query is still worth trying: site:linkedin.com/in ""Zeeshan Shah"" Shahnawaz. || Round 2: 10 Zeeshan Shah profiles returned (ZIMM Global Educational and Welfare Society, food educator, digital marketing Las Vegas, Stage It First, NCL, Barclays, DePaul/PMP, branch manager UAE, Sindh Health Dept accounts officer, FINRA). None mention Shahnawaz Associates, Executive Director, or Lahore. Common name, so none can be accepted.","site:linkedin.com/in (Devsiom OR ""Siber Koza"" OR ""Nouveau Energy"" OR ""Shahnawaz Associates"") | site:linkedin.com/in ""Zeeshan Shah"" Shahnawaz"
Investor,3,Adeel Shahid,Not found - no verifiable public LinkedIn profile,,,"Round 2: Search summary (from RocketReach/ZoomInfo) confirms Adeel Shahid is CFO & Country Representative at Arzan Venture Capital, Kuwait (since 2022; ex-Arzan Capital, KAMCO Investment; FCCA), but no linkedin.com/in/ URL appeared in the Links list (only the Arzan company page, a pulse article, zoominfo/rocketreach/contactout pages).","""Adeel Shahid"" Arzan Venture Capital CFO Kuwait LinkedIn"
Investor,6,Bilal Ahmad,Not found - no verifiable public LinkedIn profile,,,"Round 2: I took ""AP"" to mean Accelerate Prosperity (AKDN), because other Investor-sheet rows list that org. The only candidate was ""Bilal Ahmad - Precision Medicine Lab"" (https://www.linkedin.com/in/bilalaahmad/). Its summary says he took part in Accelerate Prosperity's U.Solve Power Chapter entrepreneurship program in Chitral and is Co-Founder of Peshawar2.0. That makes him a program participant, not AP staff or an investor. It is a common name and AP is only inferred, so I rejected it.","site:linkedin.com/in ""Bilal Ahmad"" ""Accelerate Prosperity"""
Investor,10,Irum Fatima,Not found - no verifiable public LinkedIn profile,,,"Round 2: No result tied to Accelerate Prosperity / business & sustainability role. Hits: 'Irum Fatima - Champion for Gender Justice' (Netherlands), 'Irum Fatima Tapal - MRM MENAT' (Dubai), 'Irum Fatima - Harvard T.H. Chan School of Public Health - Islamabad', 'irum fatima - Aga Khan University Hospital' (AKDN hospital, not Accelerate Prosperity), Hyderabad India, an architect. None accepted. Pass-2 spelling variant 'Iram Fatima' returned only unrelated profiles (Orai India, Holy Name Medical Center US, 'Iram Fatima - Pakistan', FJWU student); none tied to Accelerate Prosperity/AKDN.","site:linkedin.com/in ""Irum Fatima"" ""Accelerate Prosperity"" | site:linkedin.com/in ""Iram Fatima"" ""Accelerate Prosperity"""
Investor,25,Sayad Ghani,Not found - no verifiable public LinkedIn profile,,,"Round 2: No Sayad Ghani profile came back. The only LinkedIn results were other Accelerate Prosperity staff (Zahir Sakhi, Yusra Riaz Solangi); the rest were unrelated Wikipedia pages.","site:linkedin.com/in ""Sayad Ghani"" Accelerate Prosperity"
Mentors - Prof. Speaker,4,Aamir Sohail,Not found - no verifiable public LinkedIn profile,,,"Round 1: I ran out of search budget before this row. The row has no org, so the name alone is too ambiguous to verify. || Round 2: Row has no org/city (designation only 'Tech Executive'). Results: 10+ different 'Aamir Sohail' profiles (freelance web developer, NUST employee, JMM Technologies web dev, software engineer, TCS cashier, virtual assistant, Allure Digital, Aeoss support engineer, AXEN, etc.); none is identifiable as a tech executive, and common name with no org means no profile can be tied to the row.","site:linkedin.com/in ""Aamir Sohail"" technology executive Pakistan"
Mentors - Prof. Speaker,5,Dr. Abdul Haleem Butt,Not found - no verifiable public LinkedIn profile,,,"Round 2: Only exact-name hit is again /in/abdul-haleem-butt-692a8732/ titled ""Abdul Haleem Butt - Sweden"" (MS Computer Engineering, 7 connections); nothing in title/snippet/summary ties it to Air University, Creative Technologies or Islamabad, so not accepted. Other results were different Abdul Haleem / Abdul Butt profiles.","""Abdul Haleem Butt"" ""Creative Technologies"" LinkedIn"
Mentors - Prof. Speaker,8,Dr. Abdul Waheed,Not found - no verifiable public LinkedIn profile,,,"Round 1: The Abdul Waheed results were ALTEN LTD UK and EYTE Technologies (India), with no IST link. Waheed Ahmad (astrophysicist, IST coordinator roles) has a different name and role. There was no IST Avionics HOD profile.","site:linkedin.com/in (""Qamar ul Islam"" OR ""Abdul Waheed"") ""Institute of Space Technology"""
Mentors - Prof. Speaker,9,Dr. Adeel Javed,Not found - no verifiable public LinkedIn profile,,,"Round 1: No accepted match. Ten 'Adeel Javed' profiles came back, none tied to NUST or USPCAS-E. Possible lead, not accepted: 'Adeel Javed, Ph.D. - Dyson' https://www.linkedin.com/in/adeel-javed-turbo/. Its summary mentions thermal engineering work ('Cryogenic Thermal Management of Low-Emission Hybrid-Electric Propulsion Systems') but has no NUST mention, and the current employer differs. Other hits were unrelated (Cinnova, Martin Dow, New Delhi, AMD, CLA, Green Scope Steel, DNOW, an SEO marketer, Dala Juice). || Round 2: LEAD /in/adeel-javed-turbo/ ('Adeel Javed, Ph.D. - Dyson') not confirmed after two targeted searches; neither returned that URL. Search 1 (no site filter) returned ResearchGate, a NUST post and the USPCAS-E faculty page (uspcase.nust.edu.pk/faculty/adeel-javed/). Its summary describes him as Associate Professor, Thermal Power and Turbomachinery Systems, USPCAS-E NUST, PhD TU Delft (2008-2014), postdoc EPFL, ex-Application Specialist at Mitsubishi Turbocharger and Engine Europe. Search 2 (site:linkedin.com/in with Dyson and the full NUST name) linked only 'Adeel Javed - Cinnova Technologies, LLC' (UET Lahore education, not him) and other Adeels. The lead's 'turbo' slug fits the turbomachinery field, but no result ties that URL explicitly to NUST/USPCAS-E. Its current employer (Dyson) also differs, so it is not accepted. Next step if wanted: check the lead's education (TU Delft PhD / EPFL) and experience (USPCAS-E) directly.","site:linkedin.com/in ""Adeel Javed"" NUST thermal energy [allowed_domains=linkedin.com] | ""Adeel Javed"" Dyson NUST USPCAS-E LinkedIn | site:linkedin.com/in ""Adeel Javed"" Dyson ""National University of Sciences and Technology"""
Mentors - Prof. Speaker,15,Dr. Ali Raza Jafri,Not found - no verifiable public LinkedIn profile,,,"Round 1: Searched the official name Atif Raza Jafri (per prior note). Two LinkedIn profiles came back and neither mentions Bahria: (a) https://www.linkedin.com/in/atif-raza-jafri-188aa423/ 'Atif Raza Jafri - PhD student at ENST Bretagne' (Greater Brest Area) and (b) https://www.linkedin.com/in/atif-raza-jafri-62633961/ 'Atif Raza Jafri - University of Glasgow' (Glasgow, education ENST Bretagne, 442 connections). Both are probably the same person, and an ENST/Telecom Bretagne background fits an EE dean. But neither shows Bahria University or the dean role, and there are two candidates, so this stays not_found under the strict rules. Profile (b) looks like the more current one if someone checks manually.","site:linkedin.com/in ""Atif Raza Jafri"""
Mentors - Prof. Speaker,21,Dr. Asif Israr,Not found - no verifiable public LinkedIn profile,,,"Round 1: No Asif Israr profile surfaced. Results were the IST school/company pages and unrelated people named Asif: 'Mohammad Asif - Mechanical Engineer - Stealth Startup', 'Asif Islam - catalyx space', 'Muhammad Hammad Asif - Design Officer - NASTP', and others.","site:linkedin.com/in (""Madiha Haider Syed"" OR ""Asif Israr"") | ""Asif Israr"" OR ""Madiha Haider Syed"" linkedin [allowed_domains=linkedin.com] | Asif Israr Institute of Space Technology mechanical engineering [allowed_domains=linkedin.com]"
Mentors - Prof. Speaker,25,Asma Batool Naqvi,Not found - no verifiable public LinkedIn profile,,,"Round 2: Asma Batool profiles returned (/in/asma-batool-827623280/ Karachi; /in/asma-batool-957451a4/ 'Educator - Pakistan'; /in/asma-batool-5ab4b3249/ Azad Kashmir; Asma Batool Lalamiah - Schrodinger) but none tied to IIUI, Islamabad or database-systems lecturing; other IIUI hits were different people (Asma Mansoor, Dr. Asma Rashid, Hafsa Batool).","site:linkedin.com/in ""Asma Batool"" ""International Islamic University"""
Mentors - Prof. Speaker,26,Assad Hussain,Not found - no verifiable public LinkedIn profile,,,Round 1: Combined Air University query (with row 80). No Assad Hussain profile came back; results were unrelated Umar Khan profiles and 'Nazish Yousaf - Air University'.,"site:linkedin.com/in (""Mansur Umar Khan"" OR ""Mansur Umer Khan"" OR ""Assad Hussain"") ""Air University"""
Mentors - Prof. Speaker,32,Dr. Azhar Hasan,Not found - no verifiable public LinkedIn profile,,,"Round 2: 10 Azhar Hasan profiles returned (x-ray technician, Keane Federal Systems consultant, Landmark Group, 57 Brand, Lingo24 translator, Mitsui OSK engineer, Bumitech Ventures, FIS, Sayed Azhar Hasan freelance, Clemson University grad research assistant); none mention NUST, CAE or avionics.","site:linkedin.com/in ""Azhar Hasan"" NUST avionics"
Mentors - Prof. Speaker,36,Engr. Dr. Adnan Khan,Not found - no verifiable public LinkedIn profile,,,"Round 2: Only MCS-linked hit was 'Adnan Khan - Automation Architect and GTM Expert' https://www.linkedin.com/in/adnan-khan-4134a0a3/ - an MCS alumnus (BE Telecom 2013-17, MS InfoSec NUST 2017-20), freelance automation engineer; no PhD and no MCS faculty/Software Engineering dept role, so it does not match 'Engr. Dr. Adnan Khan' (faculty). Other results unrelated (Raytheon, AWS, Parsons, Cadet College Jhelum, etc.).","site:linkedin.com/in ""Adnan Khan"" ""Military College of Signals"" Software Engineering"
Mentors - Prof. Speaker,37,Engr. Asim Gulzar,Not found - no verifiable public LinkedIn profile,,,"Round 1: Only Asim Gulzar (Senior Section Officer, Imtiaz Super Market, Lahore) and asim gulzar (engineer, rafco trading, Lahore) came back. Neither is connected to PMAS Arid Agriculture University. His email (aasimgulzar@gmail.com) suggests the spelling 'Aasim Gulzar', which hasn't been tried.","site:linkedin.com/in ""Asim Gulzar"" Arid Agriculture"
Mentors - Prof. Speaker,38,Engr. Faheem Ahmed,Not found - no verifiable public LinkedIn profile,,,"Round 2: All results were other Faheem Ahmeds (NICVD, Wood, Deloitte, Bashir Engineering, Thompson Rivers Univ., Upwork, etc.); none tied to FUUAST / Federal Urdu University Islamabad or an EE professorship. Pass-2 full-name variant (Federal Urdu University) returned FUUAST alumni with other names (Muhammad Faheem Khan, Faheem Mahmood, Muhammad Faheem) and Faheem Ahmeds with no FUUAST/faculty tie (Semi Government Organization, MECH & CHEM Services, 'Manager QEC', Arizona Computer Services, Upwork). None accepted.","site:linkedin.com/in ""Faheem Ahmed"" FUUAST Electrical Engineering | site:linkedin.com/in ""Faheem Ahmed"" ""Federal Urdu University"" Islamabad"
Mentors - Prof. Speaker,41,Dr. Fahad Mumtaz Malik,Not found - no verifiable public LinkedIn profile,,,"Round 1: Three Fahad Mumtaz profiles came back, and none match. Muhammad Fahad Mumtaz is at Great Computer Solutions (BZU, Lahore). Fahad Mumtaz at EarnFlex studied at Strathclyde and is in the UK. Fahad Mumtaz at Deloitte studied at UC Davis and is in the SF Bay Area. None shows NUST CEME or an HOD role.","site:linkedin.com/in ""Fahad Mumtaz"" Electrical Engineering NUST"
Mentors - Prof. Speaker,45,Dr. Farooq Bin Akram,Not found - no verifiable public LinkedIn profile,,,"Round 1: Only unrelated Farooq Akram profiles came back (SaaS founder in Malaysia, self-employed in Sadiqabad, a property broker in Virginia, JINN Tv, a purchasing manager). None mention NUST, CAE or aerospace.","site:linkedin.com/in ""Farooq Bin Akram"""
Mentors - Prof. Speaker,47,Dr. Ghazala Kaukab,Not found - no verifiable public LinkedIn profile,,,Round 2: No LinkedIn results. The site filter was dropped and only Wikipedia pages for other Ghazalas came back.,"site:linkedin.com/in ""Ghazala Kaukab"""
Mentors - Prof. Speaker,50,Dr. Hafiz Ahmad Jalal,Not found - no verifiable public LinkedIn profile,,,"Round 1: Results confirmed Dr. Ahmad Jalal is Associate Professor and Head of the Intelligent Media Center, CS Dept, Air University Islamabad (AU portal and sciprofiles pages), but no linkedin.com/in URL appeared in the result links. A WebFetch of the AU faculty page (au.edu.pk) was blocked by the egress proxy. || Round 2: The results confirm his identity through Air University IMC portal pages (portals.au.edu.pk/imc/ and ""Dr. Ahmad Jalal - Intelligent Media Center - Air University""). The summary says Hafiz Ahmad Jalal heads the AU Intelligent Media Center and is a Professor of CS at Air University Islamabad. None of the LinkedIn links is tied to him: London (a-hmed-jalal), Senior Developer at Confidential (ahmadjalal), Kloud 7, EZcode and several Jalal Ahmad profiles. I did not fetch the IMC page because it is an *.edu.pk site, which the rules exclude.","""Ahmad Jalal"" Associate Professor Air University Islamabad LinkedIn | ""Ahmad Jalal"" ""Intelligent Media"" LinkedIn"
Mentors - Prof. Speaker,52,Dr. Hamid Saleem,Not found - no verifiable public LinkedIn profile,,,"Round 1: A combined OR query returned other IST staff (Khurram Khurshid, Umar Saleem, Sohail Ahmed, and others) but no Hamid Saleem profile.","site:linkedin.com/in (""Hamid Saleem"" OR ""Ahmer Rafi"") ""Institute of Space Technology"" OR IST Islamabad"
Mentors - Prof. Speaker,53,Hamza Ahmad,Not found - no verifiable public LinkedIn profile,,,"Round 1: The search budget ran out before this row got its own query. An unrelated query (row 112's P@SHA search) happened to return 'Hamza Ahmad - Freelance Contract' (https://www.linkedin.com/in/hamzaahmad123/). It is a common name with no Upwork tie shown, so I did not accept it. || Round 2: Ambiguous - several distinct profiles plausibly match 'Hamza Ahmad, freelancer, Upwork' and the row has no city/other attribute to disambiguate: (a) 'Hamza Ahmad - Upwork' https://www.linkedin.com/in/hamza-ahmad-ha/ (Upwork, Lahore); (b) 'Hamza Ahmad - Helping Personal Injury Lawyers' https://www.linkedin.com/in/hamza-ahmad-084754361/ (summary: Top-Rated Plus on Upwork, 5 yrs); (c) 'Hamza Ahmad - Freelance Contract' https://www.linkedin.com/in/hamzaahmad123/ (Pakistan). Not accepted.","site:linkedin.com/in ""Hamza Ahmad"" Upwork freelancer"
Mentors - Prof. Speaker,57,Dr. Ijaz Mansoor Qureshi,Not found - no verifiable public LinkedIn profile,,,Round 1: Results were only Mansoor Qureshi (American Energy Technologies) and Mansoor Ijaz (Crescent Global). Neither has any link to Air University or ECE.,"site:linkedin.com/in ""Ijaz Mansoor Qureshi"" Air University"
Mentors - Prof. Speaker,59,Dr. Imtiaz Ahmad Taj,Not found - no verifiable public LinkedIn profile,,,"Round 1: No match. Used a different variant from the prior pass ('Imtiaz Taj' + Capital University). The only near-name hit was 'Imtiaz Ali Taj Taj - Pakistan' (/in/imtiaz-ali-taj-taj-56924083/), which has a different middle name and no CUST, Dean or engineering tie. Other results were unrelated (Haroon Imtiaz, Imtiaz Ahmed in Austin TX, Engineer Imtiaz at Descon, etc.). Together with the prior pass, no indexed profile was found.","site:linkedin.com/in ""Imtiaz Taj"" Capital University engineering"
Mentors - Prof. Speaker,60,Dr. Ishtiaq Hassan,Not found - no verifiable public LinkedIn profile,,,"Round 1: The only profile returned was Hassan Ishtiaq, a financial crime consultant, which is not a match. Nothing was tied to CUST civil engineering.","site:linkedin.com/in ""Ishtiaq Hassan"" civil engineering Capital University"
Mentors - Prof. Speaker,61,Jawad,Not found - no verifiable public LinkedIn profile,,,"Round 1: The 15-search cap was reached before this row. It is a single-name record (Jawad, Director Placement, CUST) with low likelihood. cust.edu.pk cannot be fetched (*.edu.pk is blocked). || Round 2: No profile shows a Director Placement role at CUST. Hits with CUST ties are alumni: /in/jawad000/ 'Jawad A.' (Fiverr, Los Angeles; CUST education) and /in/abdul-jawad-0a8429156/ 'Abdul Jawad - Bestway Consultancy Services' (Rawalpindi; CUST education). The other Jawads are unrelated. With a single name and no role match, nothing can be accepted.","site:linkedin.com/in Jawad placement ""Capital University of Science"""
Mentors - Prof. Speaker,62,Dr. Junaid Imtiaz,Not found - no verifiable public LinkedIn profile,,,"Round 1: Results confirmed his Bahria role (Google Scholar, ResearchGate, bahria.edu.pk faculty and HOD pages) but returned no LinkedIn /in/ URL. The bahria.edu.pk pages were not fetched because .edu.pk sites are blocked.","""Junaid Imtiaz"" Bahria University Electrical Engineering LinkedIn"
Mentors - Prof. Speaker,67,Kashoon Leeza,Not found - no verifiable public LinkedIn profile,,,Round 1: Combined rare-name query (with rows 178 and 282). No Kashoon Leeza profile appeared in the Links list.,"site:linkedin.com/in ""Nauman Vawda"" OR ""Zeeshan Qedwaee"" OR ""Kashoon Leeza"""
Mentors - Prof. Speaker,69,Dr. Khattak,Not found - no verifiable public LinkedIn profile,,,"Round 1: This row has only a surname and no designation, so no identity match is possible. Not searched; the budget ran out and the row was lowest priority. || Round 2: Row gives surname only (no first name or designation), so identity cannot be pinned down. Unconfirmed candidate: 'Prof. Dr. Muazzam Ali Khan Khattak - Baku State University / Bakı Dövlət Universiteti' (https://www.linkedin.com/in/prof-dr-muazzam-ali-khan-khattak-0112bb2a/), whom the summary describes as Director of Science & Technology at Quaid-i-Azam University, Islamabad (cybersecurity/IT). A second QAU-linked Khattak also appeared ('Palwasha Khattak - Quaid-i-Azam University, Islamabad - Canada', /in/palwasha-khattak-1b6165120/), and QAU has several Khattak faculty, so not accepted. If the sheet owner can confirm the first name is Muazzam, the first URL is the match.","site:linkedin.com/in ""Dr"" Khattak Professor ""Quaid-i-Azam University"" Islamabad"
Mentors - Prof. Speaker,74,Dr. M. Imran Yousuf,Not found - no verifiable public LinkedIn profile,,,"Round 1: I searched PMAS-AAUR together with Muhammad Ishaq. The query returned other UAAR people (Asif Ahmad, Syeda Iram Umer, Mukhtar Ahmed), a generic 'Muhammad Imran - Self-employed', and university pages. No Imran Yousuf or Education-department match.",Imran Yousuf Muhammad Ishaq PMAS Arid Agriculture University Rawalpindi [allowed_domains=linkedin.com]
Mentors - Prof. Speaker,76,Dr. Madiha Haider Syed,Not found - no verifiable public LinkedIn profile,,,"Round 1: No QAU/IT match. Closest hits were all different people: 'Madiha Syed - Assistant Professor,Anesthesiology Institute ...' (Cleveland Clinic), 'MADIHA ASIF - Teacher ( online ) - Alhuda Islamic Institute of Canada', and 'Dr Madiha Rashid - Skyline University College'. Note for later passes: the parenthesized OR query lost the site: filter on this backend and returned only Wikipedia pages.","site:linkedin.com/in (""Madiha Haider Syed"" OR ""Asif Israr"") | ""Asif Israr"" OR ""Madiha Haider Syed"" linkedin [allowed_domains=linkedin.com] | Madiha Haider Syed Quaid-i-Azam University assistant professor [allowed_domains=linkedin.com]"
Mentors - Prof. Speaker,78,Dr. Majid Iqbal Khan,Not found - no verifiable public LinkedIn profile,,,"Round 1: This was the variant without a site filter. sciprofiles and ResearchGate (Majid-Iqbal-Khan-2) confirm he is Associate Professor and HOD Computer Science at COMSATS Islamabad, but no LinkedIn profile for him appeared in the Links list. The LinkedIn links returned were unrelated: Majid Khan (Lahore), Majid Khan (Srinagar) and Majid Iqbal (ABM Industries).","""Majid Iqbal Khan"" COMSATS LinkedIn"
Mentors - Prof. Speaker,79,Dr. Mansoor Ahmed,Not found - no verifiable public LinkedIn profile,,,"Round 1: The only LinkedIn result was 'Muhammad Mansoor Ahmed, PhD - Capital University of Science & Technology' (muhammad-mansoor-ahmed-phd-351149177), whose PhD is in microelectronics from Cambridge. I rejected it: different org and field, and no COMSATS tie shown. Mansoor Ahmed is a common name.","site:linkedin.com/in ""Mansoor Ahmed"" ""Assistant Professor"" COMSATS Islamabad computer science"
Mentors - Prof. Speaker,80,Dr. Mansur Umar Khan,Not found - no verifiable public LinkedIn profile,,,"Round 1: Combined Air University query (with row 26). Only unrelated 'Umar Khan' profiles came back (e.g. 'M. Umar Khan - Data Scientist', 'Umar Khan - Simulator Adventures Manchester', 'Umar Khan - IMSC FZCO'), none tied to Air University or aerospace. No Mansur/Mansoor Umar/Umer Khan profile found.","site:linkedin.com/in (""Mansur Umar Khan"" OR ""Mansur Umer Khan"" OR ""Assad Hussain"") ""Air University"""
Mentors - Prof. Speaker,82,Maria Nasir,Not found - no verifiable public LinkedIn profile,,,"Round 1: Four 'Maria Nasir' profiles came back: 'Maria Nasir - Crayon' (Oslo), 'Maria Nasir - Universiti Utara Malaysia', 'Maria Nasir - Rising Sindh Institute of Technology' (Karachi) and 'Maria Nasir - Washington DC-Baltimore Area'. None is tied to FAST-NUCES Islamabad or Electrical Engineering. Fairly common name, so none accepted.","site:linkedin.com/in ""Maria Nasir"" NUCES"
Mentors - Prof. Speaker,89,Dr. Muhammad Amjad Khan,Not found - no verifiable public LinkedIn profile,,,"Round 2: Common name; ~9 'Muhammad Amjad Khan' profiles returned (BC Public Service; Al-Noaimi Doha; Smart Gas Dubai; Col Dr (Retd) Lahore; Vision Tower CEO; Megamind IT network admin; MCB Bank; Lt Col Pakistan Army; Emerson). None mention Hamdard University, Islamabad, or a CS faculty role.","site:linkedin.com/in ""Muhammad Amjad Khan"" Hamdard University"
Mentors - Prof. Speaker,92,Muhammad Iqbal,Not found - no verifiable public LinkedIn profile,,,"Round 1: The search budget ran out. The row also has no org and the name is extremely common, so a profile could not be verified to the required standard even if one were found. || Round 2: Very common name and the row gives no org. None of the ten Muhammad Iqbal profiles returned has the title Innovation Manager. They include CPSP Chief Manager MIS, a self-employed entrepreneur, Michelman (US), IBL Group, Devsinc, solutions by stc and others. Nothing can be tied to the row.","site:linkedin.com/in ""Muhammad Iqbal"" ""Innovation Manager"" Pakistan"
Mentors - Prof. Speaker,94,Muhammad Muzammal,Not found - no verifiable public LinkedIn profile,,,"Round 1: I used a different variant from the prior (no site: filter). No LinkedIn profile for him came back; the hits were Muhammad Muzammil (Developer, /in/muzammil-asif/), Muhammad Muzamil (Lahore) and Malik Ali (Bahria). An IEEE author bio in the results says Dr. Muhammad Muzammal is now Assistant Professor at Northumbria University, UK, formerly in the CS department at Bahria University Islamabad, with a PhD from Leicester. The next search to try is 'Muhammad Muzammal' Northumbria. A Bahria faculty page exists (bahria.edu.pk/buic/cs/muzammal/), but *.edu.pk sites can't be fetched.","""Muhammad Muzammal"" ""Bahria University"" Computer Science LinkedIn"
Mentors - Prof. Speaker,95,Dr. Muhammad Nadeem,Not found - no verifiable public LinkedIn profile,,,"Round 2: Rejected one candidate: ""Muhammad Nadeem - PHD Scholar - COMSATS University Islamabad, Wah Campus"" (https://www.linkedin.com/in/muhammad-nadeem-8976403a/). The summary says he was a Research Associate at IIUI (2013-14) and earned an MS CS there, and is now a Lecturer/PhD scholar at COMSATS Wah. Nothing shows him as an Assistant Professor of CS at IIUI, and it is a common name.","site:linkedin.com/in ""Muhammad Nadeem"" ""International Islamic University"" Assistant Professor Computer Science"
Mentors - Prof. Speaker,99,Dr. Muhammad Umair,Not found - no verifiable public LinkedIn profile,,,"Round 2: Ten Muhammad Umair-type profiles came back, none tied to PMAS Arid Agriculture University or a faculty role: Anwar Fruit Centre, PowerCell Energy (Solar PV PM, Islamabad), Constellation HomeBuilder, Green Mountain Energy, Midgard-SG Energy (Umair Imran), Naqleen (Umair Zafar), Al Dairah Engineering, Nawara, and others. The summary confirmed that no profile mentions Arid Agriculture. This is a very common name, so a specific org tie would be required.","site:linkedin.com/in ""Muhammad Umair"" ""Arid Agriculture"" energy systems"
Mentors - Prof. Speaker,101,Muhammad Yasin,Not found - no verifiable public LinkedIn profile,,,"Round 1: This is a common name. The closest lead is https://www.linkedin.com/in/muhammad-yasin-46434834/, titled 'Muhammad Yasin - Principal Scientist - Public Sector R&D organization working in Agriculture' (University of Agriculture Faisalabad). The tool summary called him a Senior Scientist at PMAS-AAUR, but the title does not say PMAS, Professor or Precision Engineering, so the match is not explicit enough. Other results (COMSATS, NUST, Parsons and others) do not match. || Round 2: LEAD REJECTED. Searching the slug returned 'Muhammad Yasin - Principal Scientist - Public Sector R&D organization working in Agriculture' (/in/muhammad-yasin-46434834/); summary says he is a Food Scientist and Quality Manager in Lahore District working on mycotoxins, veterinary drug residues and food safety (ISO/IEC 17025). That does not match a Professor of Precision Engineering at PMAS-AAUR Rawalpindi. A first search on PMAS-AAUR + Precision Engineering returned only university pages (uaar.edu.pk, Wikipedia, THE, ZoomInfo) and no LinkedIn profile. Other Muhammad Yasins in results (Oracle, QEMC, KPITB, Elevate Ventures, traders) are unrelated.","site:linkedin.com/in ""Muhammad Yasin"" precision engineering Arid Agriculture University | ""Muhammad Yasin"" PMAS Arid Agriculture University Rawalpindi ""Precision Engineering"" LinkedIn | linkedin.com/in/muhammad-yasin-46434834 Muhammad Yasin"
Mentors - Prof. Speaker,102,Dr. Muhammad Zakwan,Not found - no verifiable public LinkedIn profile,,,"Round 1: Every Muhammad Zakwan result was a Malaysian profile (NV5, GAMUDA, GlobalFoundries, UniKL avionics graduate, and others). None mention Air University Islamabad or Pakistan.","site:linkedin.com/in ""Muhammad Zakwan"" Air University avionics"
Mentors - Prof. Speaker,103,Dr. Muhammad Zubair Khan,Not found - no verifiable public LinkedIn profile,,,"Round 1: Only unrelated Zubair Khan profiles came back: Newtrace, Dr. Zubair Khan at GIK Institute, Nesma Infrastructure, Snap/Amazon software engineer, Ford, Los Angeles, Fire Freeze. None is tied to IST or to Mechanical Engineering in Islamabad. The name is very common.","site:linkedin.com/in ""Zubair Khan"" ""Institute of Space Technology"" Mechanical"
Mentors - Prof. Speaker,105,Dr. Munam Ali Shah,Not found - no verifiable public LinkedIn profile,,,"Round 2: Search 1 (site filter) returned no LinkedIn results, only Wikipedia. Search 2 (no site filter) confirmed his identity on academic sites (dblp, ResearchGate 'Munam SHAH', SciProfiles 'Dr. Munam Ali Shah'): Tenured Associate Professor, Dept of CS, COMSATS University Islamabad since July 2004; PhD Bedfordshire 2013. But no linkedin.com/in URL appeared in Links. No profile found within budget.","site:linkedin.com/in ""Munam Ali Shah"" COMSATS | ""Munam Ali Shah"" COMSATS LinkedIn"
Mentors - Prof. Speaker,106,Munawwar Iqbal,Not found - no verifiable public LinkedIn profile,,,"Round 1: Munawar Iqbal profiles came back at Software Alliance, KAAU, Cisco and PPIB, plus one in Texas. None is tied to QAU Information Technology. The QAU-affiliated results were other people (Muhammad Zafar Iqbal, Dr Javed Iqbal).","site:linkedin.com/in (""Munawar Iqbal"" OR ""Munawwar Iqbal"") Quaid-i-Azam University"
Mentors - Prof. Speaker,107,Dr. N. M. Butt,Not found - no verifiable public LinkedIn profile,,,"Round 1: Search cap (15) reached before this row. Low-likelihood: an initials-only name (likely senior physicist Prof. Dr. N. M. Butt, Preston University), with only a personal yahoo email. || Round 2: Searched full name Noor Muhammad Butt (the physicist at Preston University; email nmbutt36 matches his 1936 birth year). Only the Wikipedia article (confirms he is professor at Preston University) and unrelated Noor Muhammad / Noor Butt profiles (SKMCH, academy administrator, attorney, Memorial Hermann, engineer, arts professional) were returned; no LinkedIn profile for him.","site:linkedin.com/in ""Noor Muhammad Butt"" Preston University"
Mentors - Prof. Speaker,108,Naaz Shah,Not found - no verifiable public LinkedIn profile,,,Round 2: Only non-matching profiles returned: 'Hasina Naaz Shah - Warrensburg Star-Journal' (journalism student) and 'Naaz Shah - Interior Stylist/Interior Designer' (Hong Kong). Neither is a tech executive at Citizen.,"site:linkedin.com/in ""Naaz Shah"" Citizen"
Mentors - Prof. Speaker,111,Naseem e saba,Not found - no verifiable public LinkedIn profile,,,"Round 1: The search budget (15) ran out before this row could be searched. || Round 2: Row has no org/city (designation only 'Tech Executive'). Exact phrase 'Naseem e Saba' did not appear in any result; only reversed-name 'Saba Naseem' profiles (Ardene, Go Digit Insurance, Opportunity Network, King Beverages, Dubai Islamic Bank, CSULB, Gesher, Rewaa data scientist, Ascendion associate SWE). None is a tech executive tied to the row - rejected.","site:linkedin.com/in ""Naseem e Saba"""
Mentors - Prof. Speaker,116,Dr. Noor M. Khan,Not found - no verifiable public LinkedIn profile,,,"Round 1: The LinkedIn results were Noor M Khan (Director Advisory, KPMG Pakistan), noor muhammad khan (Pakistan, no org), and several US-based Noor Khans (Texas Instruments, Sandisk). None tie to CUST. The summary claimed a LinkedIn profile exists but did not give a matching URL. A WebFetch of the CUST team page (cust.edu.pk/our_team/dr-noor-m-khan/) was blocked by egress.","""Noor M. Khan"" Capital University of Science and Technology professor LinkedIn"
Mentors - Prof. Speaker,119,Prof. Dr. Aftab Khan,Not found - no verifiable public LinkedIn profile,,,"Round 2: Ten Aftab Khan profiles came back and none mention COMSATS or a Dean role. They include a Dhaka University / BSMR Maritime University professor, an Assistant Professor at Abasyn University, and people at PJM, J.P. Morgan, Compunnel, the Indian Armed Forces and others.","site:linkedin.com/in ""Aftab Khan"" COMSATS Dean Professor"
Mentors - Prof. Speaker,120,Prof. Dr. Azhar Abbas Rizvi,Not found - no verifiable public LinkedIn profile,,,"Round 1: The search returned only QAU pages (faculty profile, directory, distinguished professors), a YouTube alumni message and Wikipedia. There were no LinkedIn /in/ links. QAU pages say he was Professor of Electronics and Dean of Natural Sciences, and that he retired in December 2019.","site:linkedin.com/in ""Azhar Abbas Rizvi"" Quaid-i-Azam University"
Mentors - Prof. Speaker,122,Prof. Dr. Muhammad T. Afzal,Not found - no verifiable public LinkedIn profile,,,"Round 2: No Muhammad (T.) Afzal holding a COMSATS Architecture and Design dean role found. Results were other Afzals: Salman Afzal (design academic, no COMSATS dean role shown), Humaira Afzal (COMSATS Lahore), Prof. Dr. Adeel Afzal (University of the Punjab), Zeenat Afzal (KICS UET), etc. None matches.","site:linkedin.com/in Afzal COMSATS Dean ""Architecture and Design"""
Mentors - Prof. Speaker,123,Prof. Dr. Shahzad A. Malik,Not found - no verifiable public LinkedIn profile,,,"Round 1: Google Scholar confirms Shahzad A. Malik is a Professor of ECE at COMSATS, but there was no LinkedIn link for him. The Shahzad Malik LinkedIn profiles that came back are at Emumba, Meta, Advent Life Sciences, Mercurial Minds (/in/shahzadahmadmalik/), Duke, Wyckoff and Queens NY. None mentions COMSATS, so I did not accept any.","""Shahzad A. Malik"" OR ""Shahzad Ahmad Malik"" COMSATS LinkedIn"
Mentors - Prof. Speaker,135,Dr. Sajjad Haider,Not found - no verifiable public LinkedIn profile,,,"Round 1: Search cap of 15 reached before this row was searched. || Round 2: No result tied any profile to NASTP. Several plausible academic candidates, cannot pick one: 'Sajjad Haider - Institute of Business Administration' (/in/shaider/, IBA Karachi, data science); 'Dr. Sajjad Haider - BeaconHouse College campus PECHS' (pk.linkedin.com/in/dr-sajjad-haider-7a6b1a5b); 'Dr S Sajjad Haider Zaidi - PN Engineering College, NUST' (pk.linkedin.com/in/drsajjadzaidi). The row has no org, so per the two-candidates rule it is not_found.","site:linkedin.com/in ""Sajjad Haider"" NASTP"
Mentors - Prof. Speaker,136,Dr. Saleem Shahid,Not found - no verifiable public LinkedIn profile,,,"Round 1: No match. This was the same combined query as row 158, and it returned no linkedin.com results at all because the site filter was lost. Not retried for lack of budget. Next variant: site:linkedin.com/in ""Saleem Shahid"" ""Air University"". || Round 2: The dedicated query returned two Saleem Shahid profiles, neither tied to Air University or computer engineering. One is ""Saleem Shahid - Back Up"" (https://www.linkedin.com/in/saleem-shahid-746ab0a8/). The other is ""Saleem Shahid - H.O.D Physics Department O/A level - Army Public School For International Studies"" (https://www.linkedin.com/in/saleem-shahid-0ab42741/).","site:linkedin.com/in (""Zafar Koreshi"" OR ""Zafar Ullah Koreshi"" OR ""Saleem Shahid"") Air University | site:linkedin.com/in ""Saleem Shahid"" Air University"
Mentors - Prof. Speaker,138,Sana Hassan,Not found - no verifiable public LinkedIn profile,,,"Round 1: Results were other FAST-NUCES Islamabad people (Dr. Hassan Raza, Danial Hassan) and 'Shahna Hassan - Assistant professor in electrical and electronics engineering', a different name with no FAST link. No Sana Hassan FAST EE profile.",Sana Hassan assistant professor electrical engineering FAST NUCES Islamabad [allowed_domains=linkedin.com]
Mentors - Prof. Speaker,143,Dr. Sher Akbar,Not found - no verifiable public LinkedIn profile,,,"Round 1: Combined COMSATS query (with row 15). The only near hit was 'Dr. Noreen Sher Akbar - National University of Sciences and Technology (NUST)' (https://www.linkedin.com/in/dr-noreen-sher-akbar-04729233/), a different person (female, NUST, not COMSATS Management Sciences). Rejected.","site:linkedin.com/in (""Amir Rashid"" OR ""Sher Akbar"") COMSATS"
Mentors - Prof. Speaker,145,Dr. Shoaib Hassan,Not found - no verifiable public LinkedIn profile,,,"Round 2: No Shoaib Hassan profile tied to NUML came back in two variants. Search 1 (site filter + NUML) gave FusionWave, Descon, Logiciel Services, COMMTEL/SOC Analyst (/in/ishoaibhassan), Valo, Sevenskys Real Estate, a 'Head of Security, Safety and Projects', and Skyscanner. Its summary mentioned only a post naming Dr. Shoaib Hassan, HOD Management Sciences NUML, as a Plan9 Rawalpindi judge, with no profile link. Search 2 (site filter + 'Modern Languages') gave Shoaib Ul Hassan (Iqra University), a Nanjing UST PhD scholar, a generic 'Pakistan' profile (/in/shoaib-hassan-00357bba/), Sy Communication CEO, a revenue-scaling consultant, Siemens Energy (Shoaib Hasan) and Hassan Shoaib (Middlesex). The summary's 'NUML' hit was /in/muhammad-shoaib-isb/, which is Muhammad Shoaib, GM at READ Foundation, a different name and role, so it was not taken.","site:linkedin.com/in ""Shoaib Hassan"" NUML | site:linkedin.com/in ""Shoaib Hassan"" ""Modern Languages"""
Mentors - Prof. Speaker,146,Dr. Sikandar,Not found - no verifiable public LinkedIn profile,,,"Round 1: No match. The combined Haripur query returned only University of Haripur company pages and 'Sikandar Khan - Infinix India', which is unrelated. This is a single-name record with no other identifying attributes.","""Haider Khalil"" OR ""Sikandar"" Haripur incubation OR university [allowed_domains=linkedin.com]"
Mentors - Prof. Speaker,148,Dr. Syed Amer Ahsan Gillani,Not found - no verifiable public LinkedIn profile,,,"Round 1: Results were only partial name matches: Ahsan Gilani (Cerebras; Elastic Tech Solutions; AEDB/UNDP) and Amer Gilani PE (Gilani Inc., Round Rock). None tied to MCS/NUST or information security.","site:linkedin.com/in ""Amer Ahsan Gillani"" OR ""Amer Ahsan Gilani"""
Mentors - Prof. Speaker,150,Syed Zahid Hussain,Not found - no verifiable public LinkedIn profile,,,"Round 1: Probable lead, not confirmed: https://www.linkedin.com/in/ezahidhussain/ 'Zahid Hussain Shah - Purdue University' showed up in both searches. Per the first summary, the profile has a project associated with Air University ('Automatic Water Dispenser System', built by students for the Actuating Systems course) and lists Mechatronics among its courses. The second summary confirms a 'Syed Zahid Hussain' is listed as Mechatronics Assistant Professor at Air University. However, the current employer is Purdue, and nothing explicitly shows the profile owner held the Assistant Professor role; the course and project content could be from his student days. Name (Syed ~ Shah), Air University and Mechatronics all fit, so it is likely him, but under the strict employer rule it stays not_found. Needs a manual check. || Round 2: LEAD rejected/unconfirmed: https://www.linkedin.com/in/ezahidhussain/ ('Zahid Hussain Shah - Purdue University') returned again, but the result only describes Purdue affiliation (alumnus/employee) plus a student-style coursework list (Mechatronics, Fluid Mechanics, Heat & Mass Transfer, Machine Design). Nothing ties that URL to an Assistant Professor role in Air University's Mechatronics department; the search summary instead attributed the Air University Mechatronics Assistant Professor role to a different person (Imran Shah) who co-authored with a Zahid Hussain. Not accepted.","site:linkedin.com/in ""Zahid Hussain"" ""Air University"" Mechatronics | ""Zahid Hussain Shah"" ""Air University"" Islamabad lecturer Mechatronics | ""Zahid Hussain Shah"" Purdue ""Air University"" Mechatronics linkedin"
Mentors - Prof. Speaker,152,Dr. Tazeen,Not found - no verifiable public LinkedIn profile,,,"Round 1: The search budget (15) ran out before this row could be searched. || Round 2: Likely person: Dr. Tazeen Athar, HoD / Assistant Professor at SZABIST Islamabad (PhD Mathematics, Saarland 2010; ZoomInfo lists a szabist-isb.edu.pk email). The first search's summary mentioned linkedin.com/in/tazeen-athar-18218412, but only in summary prose, not in the Links list. A dedicated follow-up site:linkedin.com/in ""Tazeen Athar"" returned no such profile link (only Tazeen F. - GlobalFoundries, Austin, unrelated). Unverified lead only - not accepted.","site:linkedin.com/in Tazeen SZABIST Islamabad | site:linkedin.com/in ""Tazeen Athar"""
Mentors - Prof. Speaker,156,Dr. Yaser Hafeez,Not found - no verifiable public LinkedIn profile,,,"Round 2: Query 1 (""Yaser Hafeez"" Arid): only /in/yaser-hafeez-38685751/ 'Yaser Hafeez - Area Sales Manager at Achha Food's Pvt Ltd' (Islamabad, Univ. of Punjab) - different person. Retry with email-based spelling (""Yasir Hafeez"" Arid Agriculture University): search dropped the site: filter, returned only Wikipedia (PMAS-AAUR page), academia.edu, Frontiers Loop - no LinkedIn profile.","site:linkedin.com/in ""Yaser Hafeez"" Arid | site:linkedin.com/in ""Yasir Hafeez"" Arid Agriculture University"
Mentors - Prof. Speaker,157,Dr. Zafar Saeed,Not found - no verifiable public LinkedIn profile,,,"Round 2: Not found under QAU or UCP (the row email is @ucp.edu.pk). The QAU query returned only other QAU people (Muhammad Zafar Iqbal, Zafar Nawaz Jaspal, Sadia Saeed, Khalid Saleem, Rabeeh Abbasi). The UCP query returned 'Zafar Saeed - Accountant at Power Chemical' (/in/zafar-saeed-a6b20573/, Univ. of the Punjab, Faisalabad, so a different person), a bare 'Zafar Saeed - Pakistan' (/in/zafar-saeed-b923386a/, nothing linking it to CS, QAU or UCP), and other UCP staff with different names. Neither is accepted.","site:linkedin.com/in ""Zafar Saeed"" Quaid-i-Azam University computer science | site:linkedin.com/in ""Zafar Saeed"" ""University of Central Punjab"""
Mentors - Prof. Speaker,161,Dr. Zubair,Not found - no verifiable public LinkedIn profile,,,"Round 1: The search cap of 15 ran out before this row. The prior lead, /in/dr-muhammad-zubair-51a3b09 (Dr. Muhammad Zubair, Dean Faculty of Computing, Riphah Islamabad), is still unconfirmed against the row's bare 'Dr. Zubair', so it is not reported. || Round 2: AMBIGUOUS: two different profiles plausibly match ""Dr. Zubair"" at Riphah, and the row gives no first name or designation to choose between them. (1) /in/dr-muhammad-zubair-51a3b09/ ""Dr. Muhammad Zubair - Riphah International University"": summary says 28+ yrs in higher education at Riphah, Islamabad. (2) /in/zubair-ahmad-khan-04ba9253/ ""Zubair Ahmad Khan - Dean at Faculty of Electrical Engineering Department"": summary calls him Professor and Dean of the Faculty of Computing at Riphah. If the worksheet can confirm the full name, profile (1) is a ready answer for Muhammad Zubair.","site:linkedin.com/in Dr Zubair ""Riphah International University"""
